ISO-10303-21;
HEADER;
FILE_DESCRIPTION (( 'STEP AP214' ),
    '1' );
FILE_NAME ('buzzer-5V.STEP',
    '2025-07-15T03:34:13',
    ( '' ),
    ( '' ),
    'SwSTEP 2.0',
    'SolidWorks 2023',
    '' );
FILE_SCHEMA (( 'AUTOMOTIVE_DESIGN' ));
ENDSEC;

DATA;
#1 = VERTEX_POINT ( 'NONE', #1640 ) ;
#2 = SURFACE_SIDE_STYLE ('',( #642 ) ) ;
#3 = PRESENTATION_STYLE_ASSIGNMENT (( #658 ) ) ;
#4 = VECTOR ( 'NONE', #601, 1000.000000000000000 ) ;
#5 = CARTESIAN_POINT ( 'NONE',  ( 0.03846153846153821387, 9.500000000000000000, 3.833333333333333481 ) ) ;
#6 = PLANE ( 'NONE',  #121 ) ;
#7 = MECHANICAL_DESIGN_GEOMETRIC_PRESENTATION_REPRESENTATION (  '', ( #435 ), #1089 ) ;
#8 = EDGE_CURVE ( 'NONE', #868, #337, #1534, .T. ) ;
#9 = CARTESIAN_POINT ( 'NONE',  ( 2.000000000000000000, -0.5000000000000000000, 5.123475382979801651 ) ) ;
#10 = EDGE_LOOP ( 'NONE', ( #785, #983, #340, #1367 ) ) ;
#11 = EDGE_LOOP ( 'NONE', ( #976 ) ) ;
#12 = DIRECTION ( 'NONE',  ( 0.000000000000000000, 0.000000000000000000, 1.000000000000000000 ) ) ;
#13 = CARTESIAN_POINT ( 'NONE',  ( 0.000000000000000000, 9.509999999999999787, 3.500000000000000000 ) ) ;
#14 = AXIS2_PLACEMENT_3D ( 'NONE', #1645, #505, #1527 ) ;
#15 = VECTOR ( 'NONE', #1519, 1000.000000000000000 ) ;
#16 = CARTESIAN_POINT ( 'NONE',  ( -3.898979485566352210, 0.000000000000000000, -4.560477932315072813 ) ) ;
#17 = UNCERTAINTY_MEASURE_WITH_UNIT (LENGTH_MEASURE( 1.000000000000000082E-05 ), #758, 'distance_accuracy_value', 'NONE');
#18 = SURFACE_SIDE_STYLE ('',( #518 ) ) ;
#19 = EDGE_CURVE ( 'NONE', #1093, #478, #1513, .T. ) ;
#20 = PRESENTATION_LAYER_ASSIGNMENT (  '', '', ( #667 ) ) ;
#21 = ORIENTED_EDGE ( 'NONE', *, *, #173, .F. ) ;
#22 = LINE ( 'NONE', #1194, #1487 ) ;
#23 = EDGE_LOOP ( 'NONE', ( #385, #597, #487, #444 ) ) ;
#24 =( LENGTH_UNIT ( ) NAMED_UNIT ( * ) SI_UNIT ( .MILLI., .METRE. ) );
#25 = LINE ( 'NONE', #1172, #1599 ) ;
#26 = FILL_AREA_STYLE ('',( #697 ) ) ;
#27 = PRESENTATION_STYLE_ASSIGNMENT (( #1401 ) ) ;
#28 = PRESENTATION_LAYER_ASSIGNMENT (  '', '', ( #673 ) ) ;
#29 = PLANE ( 'NONE',  #1196 ) ;
#30 = CARTESIAN_POINT ( 'NONE',  ( -5.437059837324713207, 0.000000000000000000, -0.8296868839210257418 ) ) ;
#31 = FILL_AREA_STYLE_COLOUR ( '', #711 ) ;
#32 = FILL_AREA_STYLE_COLOUR ( '', #1360 ) ;
#33 = CIRCLE ( 'NONE', #1387, 1.000000000000000444 ) ;
#34 =( NAMED_UNIT ( * ) SI_UNIT ( $, .STERADIAN. ) SOLID_ANGLE_UNIT ( ) );
#35 = EDGE_CURVE ( 'NONE', #1576, #1576, #446, .T. ) ;
#36 = SURFACE_STYLE_USAGE ( .BOTH. , #1190 ) ;
#37 = DIRECTION ( 'NONE',  ( 0.000000000000000000, 0.000000000000000000, 1.000000000000000000 ) ) ;
#38 =( NAMED_UNIT ( * ) SI_UNIT ( $, .STERADIAN. ) SOLID_ANGLE_UNIT ( ) );
#39 = DIRECTION ( 'NONE',  ( -0.000000000000000000, 1.000000000000000000, -0.000000000000000000 ) ) ;
#40 = CARTESIAN_POINT ( 'NONE',  ( 0.000000000000000000, 9.500000000000000000, 4.500000000000000888 ) ) ;
#41 = FILL_AREA_STYLE_COLOUR ( '', #359 ) ;
#42 = COLOUR_RGB ( '',0.2509803921568627416, 0.2509803921568627416, 0.2509803921568627416 ) ;
#43 =( GEOMETRIC_REPRESENTATION_CONTEXT ( 3 ) GLOBAL_UNCERTAINTY_ASSIGNED_CONTEXT ( ( #1165 ) ) GLOBAL_UNIT_ASSIGNED_CONTEXT ( ( #602, #1608, #461 ) ) REPRESENTATION_CONTEXT ( 'NONE', 'WORKASPACE' ) );
#44 =( NAMED_UNIT ( * ) PLANE_ANGLE_UNIT ( ) SI_UNIT ( $, .RADIAN. ) );
#45 = VECTOR ( 'NONE', #496, 1000.000000000000000 ) ;
#46 = DIRECTION ( 'NONE',  ( 0.000000000000000000, 0.000000000000000000, 1.000000000000000000 ) ) ;
#47 = PLANE ( 'NONE',  #586 ) ;
#48 = CARTESIAN_POINT ( 'NONE',  ( -3.898979485566352210, -0.5000000000000000000, -4.560477932315072813 ) ) ;
#49 = VERTEX_POINT ( 'NONE', #827 ) ;
#50 = ADVANCED_FACE ( 'NONE', ( #694 ), #47, .F. ) ;
#51 = CARTESIAN_POINT ( 'NONE',  ( 5.898979485566357539, 0.000000000000000000, -1.096376317177308435 ) ) ;
#52 = COLOUR_RGB ( '',0.5019607843137254832, 0.5019607843137254832, 0.5019607843137254832 ) ;
#53 = FACE_OUTER_BOUND ( 'NONE', #182, .T. ) ;
#54 = UNCERTAINTY_MEASURE_WITH_UNIT (LENGTH_MEASURE( 1.000000000000000082E-05 ), #58, 'distance_accuracy_value', 'NONE');
#55 = EDGE_CURVE ( 'NONE', #704, #704, #973, .T. ) ;
#56 = ADVANCED_FACE ( 'NONE', ( #1426, #412 ), #662, .T. ) ;
#57 = ORIENTED_EDGE ( 'NONE', *, *, #999, .T. ) ;
#58 =( LENGTH_UNIT ( ) NAMED_UNIT ( * ) SI_UNIT ( .MILLI., .METRE. ) );
#59 = VECTOR ( 'NONE', #301, 1000.000000000000000 ) ;
#60 = SURFACE_STYLE_USAGE ( .BOTH. , #798 ) ;
#61 = FILL_AREA_STYLE_COLOUR ( '', #52 ) ;
#62 = LINE ( 'NONE', #450, #1007 ) ;
#63 = VERTEX_POINT ( 'NONE', #1425 ) ;
#64 = DIRECTION ( 'NONE',  ( 0.000000000000000000, 0.000000000000000000, 1.000000000000000000 ) ) ;
#65 = CARTESIAN_POINT ( 'NONE',  ( 0.000000000000000000, 6.500000000000000000, 1.300000000000000044 ) ) ;
#66 = AXIS2_PLACEMENT_3D ( 'NONE', #313, #458, #201 ) ;
#67 = PLANE ( 'NONE',  #90 ) ;
#68 = COLOUR_RGB ( '',0.2509803921568627416, 0.2509803921568627416, 0.2509803921568627416 ) ;
#69 = STYLED_ITEM ( 'NONE', ( #908 ), #506 ) ;
#70 = DIRECTION ( 'NONE',  ( -0.000000000000000000, -1.000000000000000000, -0.000000000000000000 ) ) ;
#71 = ORIENTED_EDGE ( 'NONE', *, *, #948, .T. ) ;
#72 =( GEOMETRIC_REPRESENTATION_CONTEXT ( 3 ) GLOBAL_UNCERTAINTY_ASSIGNED_CONTEXT ( ( #1312 ) ) GLOBAL_UNIT_ASSIGNED_CONTEXT ( ( #306, #1450, #418 ) ) REPRESENTATION_CONTEXT ( 'NONE', 'WORKASPACE' ) );
#73 =( NAMED_UNIT ( * ) SI_UNIT ( $, .STERADIAN. ) SOLID_ANGLE_UNIT ( ) );
#74 = SHAPE_DEFINITION_REPRESENTATION ( #322, #160 ) ;
#75 = DIRECTION ( 'NONE',  ( 0.000000000000000000, 0.000000000000000000, -1.000000000000000000 ) ) ;
#76 = SURFACE_SIDE_STYLE ('',( #1340 ) ) ;
#77 = FILL_AREA_STYLE_COLOUR ( '', #1116 ) ;
#78 = ORIENTED_EDGE ( 'NONE', *, *, #849, .F. ) ;
#79 = CARTESIAN_POINT ( 'NONE',  ( -0.05128205128205156477, 9.509999999999999787, 3.448717948717948900 ) ) ;
#80 = MECHANICAL_DESIGN_GEOMETRIC_PRESENTATION_REPRESENTATION (  '', ( #1158 ), #1355 ) ;
#81 = LINE ( 'NONE', #1226, #1497 ) ;
#82 = EDGE_CURVE ( 'NONE', #1583, #96, #288, .T. ) ;
#83 = LINE ( 'NONE', #725, #109 ) ;
#84 = PRESENTATION_LAYER_ASSIGNMENT (  '', '', ( #378 ) ) ;
#85 = DIRECTION ( 'NONE',  ( -0.000000000000000000, 1.000000000000000000, -0.000000000000000000 ) ) ;
#86 = ORIENTED_EDGE ( 'NONE', *, *, #209, .T. ) ;
#87 = CARTESIAN_POINT ( 'NONE',  ( 0.03846153846153821387, 9.509999999999999787, 3.833333333333333481 ) ) ;
#88 = ORIENTED_EDGE ( 'NONE', *, *, #1103, .F. ) ;
#89 = CARTESIAN_POINT ( 'NONE',  ( -1.999999999999998224, -0.5000000000000000000, 5.123475382979803427 ) ) ;
#90 = AXIS2_PLACEMENT_3D ( 'NONE', #594, #1231, #1486 ) ;
#91 = DIRECTION ( 'NONE',  ( 0.000000000000000000, 0.000000000000000000, 1.000000000000000000 ) ) ;
#92 = CARTESIAN_POINT ( 'NONE',  ( -3.898979485566352210, -0.5000000000000000000, -4.560477932315072813 ) ) ;
#93 = VERTEX_POINT ( 'NONE', #404 ) ;
#94 = PRESENTATION_LAYER_ASSIGNMENT (  '', '', ( #964 ) ) ;
#95 = SURFACE_STYLE_USAGE ( .BOTH. , #742 ) ;
#96 = VERTEX_POINT ( 'NONE', #1052 ) ;
#97 = CARTESIAN_POINT ( 'NONE',  ( -2.000000000000000000, -0.5000000000000000000, 5.656854249492380582 ) ) ;
#98 = DIRECTION ( 'NONE',  ( -0.000000000000000000, -1.000000000000000000, -0.000000000000000000 ) ) ;
#99 = FILL_AREA_STYLE_COLOUR ( '', #1191 ) ;
#100 = EDGE_CURVE ( 'NONE', #368, #1395, #144, .T. ) ;
#101 = FACE_BOUND ( 'NONE', #1111, .T. ) ;
#102 = VERTEX_POINT ( 'NONE', #1079 ) ;
#103 = LINE ( 'NONE', #876, #975 ) ;
#104 = EDGE_LOOP ( 'NONE', ( #1044 ) ) ;
#105 = FILL_AREA_STYLE_COLOUR ( '', #500 ) ;
#106 =( GEOMETRIC_REPRESENTATION_CONTEXT ( 3 ) GLOBAL_UNCERTAINTY_ASSIGNED_CONTEXT ( ( #1537 ) ) GLOBAL_UNIT_ASSIGNED_CONTEXT ( ( #736, #1496, #1232 ) ) REPRESENTATION_CONTEXT ( 'NONE', 'WORKASPACE' ) );
#107 =( NAMED_UNIT ( * ) PLANE_ANGLE_UNIT ( ) SI_UNIT ( $, .RADIAN. ) );
#108 = CARTESIAN_POINT ( 'NONE',  ( -0.3461538461538465339, 9.509999999999999787, 3.448717948717948900 ) ) ;
#109 = VECTOR ( 'NONE', #1241, 1000.000000000000000 ) ;
#110 = DIRECTION ( 'NONE',  ( 0.000000000000000000, -0.000000000000000000, 1.000000000000000000 ) ) ;
#111 = EDGE_LOOP ( 'NONE', ( #122, #722, #1597, #1120 ) ) ;
#112 = DIRECTION ( 'NONE',  ( -0.8660254037844351549, -0.000000000000000000, -0.5000000000000061062 ) ) ;
#113 = ORIENTED_EDGE ( 'NONE', *, *, #1004, .F. ) ;
#114 = ORIENTED_EDGE ( 'NONE', *, *, #234, .T. ) ;
#115 = PRESENTATION_STYLE_ASSIGNMENT (( #1515 ) ) ;
#116 = DIRECTION ( 'NONE',  ( -0.000000000000000000, 1.000000000000000000, -0.000000000000000000 ) ) ;
#117 = SURFACE_STYLE_USAGE ( .BOTH. , #913 ) ;
#118 = DIRECTION ( 'NONE',  ( -0.5000000000000072164, 0.000000000000000000, 0.8660254037844344888 ) ) ;
#119 = ORIENTED_EDGE ( 'NONE', *, *, #799, .T. ) ;
#120 = ORIENTED_EDGE ( 'NONE', *, *, #8, .T. ) ;
#121 = AXIS2_PLACEMENT_3D ( 'NONE', #1303, #141, #526 ) ;
#122 = ORIENTED_EDGE ( 'NONE', *, *, #1322, .F. ) ;
#123 = CARTESIAN_POINT ( 'NONE',  ( 0.3333333333333330373, 9.509999999999999787, 3.448717948717948900 ) ) ;
#124 =( NAMED_UNIT ( * ) PLANE_ANGLE_UNIT ( ) SI_UNIT ( $, .RADIAN. ) );
#125 = VECTOR ( 'NONE', #1136, 1000.000000000000000 ) ;
#126 = AXIS2_PLACEMENT_3D ( 'NONE', #79, #703, #439 ) ;
#127 = FILL_AREA_STYLE ('',( #406 ) ) ;
#128 = CARTESIAN_POINT ( 'NONE',  ( 2.000000000000000000, -0.5000000000000000000, 5.656854249492380582 ) ) ;
#129 = PRESENTATION_LAYER_ASSIGNMENT (  '', '', ( #712 ) ) ;
#130 = PRESENTATION_LAYER_ASSIGNMENT (  '', '', ( #1325 ) ) ;
#131 = VERTEX_POINT ( 'NONE', #801 ) ;
#132 = ORIENTED_EDGE ( 'NONE', *, *, #35, .T. ) ;
#133 = CYLINDRICAL_SURFACE ( 'NONE', #808, 5.500000000000002665 ) ;
#134 = CARTESIAN_POINT ( 'NONE',  ( 0.03846153846153821387, 9.509999999999999787, 3.153846153846153744 ) ) ;
#135 = EDGE_CURVE ( 'NONE', #102, #610, #1130, .T. ) ;
#136 = FACE_OUTER_BOUND ( 'NONE', #247, .T. ) ;
#137 = ORIENTED_EDGE ( 'NONE', *, *, #1242, .T. ) ;
#138 = EDGE_LOOP ( 'NONE', ( #1542 ) ) ;
#139 = MECHANICAL_DESIGN_GEOMETRIC_PRESENTATION_REPRESENTATION (  '', ( #378 ), #1451 ) ;
#140 = EDGE_CURVE ( 'NONE', #1589, #641, #1573, .T. ) ;
#141 = DIRECTION ( 'NONE',  ( 1.000000000000000000, 0.000000000000000000, 0.000000000000000000 ) ) ;
#142 = LINE ( 'NONE', #669, #1243 ) ;
#143 = ORIENTED_EDGE ( 'NONE', *, *, #427, .T. ) ;
#144 = LINE ( 'NONE', #1567, #1056 ) ;
#145 = ORIENTED_EDGE ( 'NONE', *, *, #187, .F. ) ;
#146 = PRESENTATION_STYLE_ASSIGNMENT (( #917 ) ) ;
#147 = FILL_AREA_STYLE ('',( #32 ) ) ;
#148 = CARTESIAN_POINT ( 'NONE',  ( 0.000000000000000000, -0.5000000000000000000, 0.000000000000000000 ) ) ;
#149 = CARTESIAN_POINT ( 'NONE',  ( 3.898979485566439696, -0.5000000000000000000, -4.560477932314997318 ) ) ;
#150 = STYLED_ITEM ( 'NONE', ( #408 ), #399 ) ;
#151 = DIRECTION ( 'NONE',  ( -1.000000000000000000, 0.000000000000000000, -0.000000000000000000 ) ) ;
#152 = ORIENTED_EDGE ( 'NONE', *, *, #1565, .T. ) ;
#153 = LINE ( 'NONE', #1186, #59 ) ;
#154 = CARTESIAN_POINT ( 'NONE',  ( 0.000000000000000000, 9.509999999999999787, 3.500000000000000000 ) ) ;
#155 = DIRECTION ( 'NONE',  ( 0.000000000000000000, 0.000000000000000000, -1.000000000000000000 ) ) ;
#156 = SURFACE_STYLE_USAGE ( .BOTH. , #1063 ) ;
#157 =( NAMED_UNIT ( * ) SI_UNIT ( $, .STERADIAN. ) SOLID_ANGLE_UNIT ( ) );
#158 = SURFACE_STYLE_FILL_AREA ( #185 ) ;
#159 = FILL_AREA_STYLE ('',( #1556 ) ) ;
#160 = ADVANCED_BREP_SHAPE_REPRESENTATION ( 'buzzer-5V', ( #1023, #855 ), #1656 ) ;
#161 = AXIS2_PLACEMENT_3D ( 'NONE', #269, #815, #933 ) ;
#162 = FILL_AREA_STYLE ('',( #803 ) ) ;
#163 =( NAMED_UNIT ( * ) SI_UNIT ( $, .STERADIAN. ) SOLID_ANGLE_UNIT ( ) );
#164 = UNCERTAINTY_MEASURE_WITH_UNIT (LENGTH_MEASURE( 1.000000000000000082E-05 ), #1653, 'distance_accuracy_value', 'NONE');
#165 = SURFACE_STYLE_FILL_AREA ( #1319 ) ;
#166 = EDGE_CURVE ( 'NONE', #1218, #1218, #1473, .T. ) ;
#167 = CARTESIAN_POINT ( 'NONE',  ( 0.3333333333333330373, 9.500000000000000000, 3.448717948717948900 ) ) ;
#168 =( LENGTH_UNIT ( ) NAMED_UNIT ( * ) SI_UNIT ( .MILLI., .METRE. ) );
#169 = PRODUCT_DEFINITION ( 'UNKNOWN', '', #1188, #1422 ) ;
#170 = CARTESIAN_POINT ( 'NONE',  ( 3.898979485566439696, 0.000000000000000000, -4.560477932314997318 ) ) ;
#171 = VECTOR ( 'NONE', #492, 1000.000000000000000 ) ;
#172 = VECTOR ( 'NONE', #85, 1000.000000000000000 ) ;
#173 = EDGE_CURVE ( 'NONE', #49, #49, #1602, .T. ) ;
#174 =( LENGTH_UNIT ( ) NAMED_UNIT ( * ) SI_UNIT ( .MILLI., .METRE. ) );
#175 =( NAMED_UNIT ( * ) PLANE_ANGLE_UNIT ( ) SI_UNIT ( $, .RADIAN. ) );
#176 = SURFACE_SIDE_STYLE ('',( #452 ) ) ;
#177 = APPLICATION_PROTOCOL_DEFINITION ( 'draft international standard', 'automotive_design', 1998, #970 ) ;
#178 = CARTESIAN_POINT ( 'NONE',  ( 0.03846153846153821387, 9.500000000000000000, 3.153846153846153744 ) ) ;
#179 = DIRECTION ( 'NONE',  ( -0.8660254037844420383, 0.000000000000000000, 0.4999999999999943379 ) ) ;
#180 = EDGE_CURVE ( 'NONE', #610, #1274, #1313, .T. ) ;
#181 =( NAMED_UNIT ( * ) PLANE_ANGLE_UNIT ( ) SI_UNIT ( $, .RADIAN. ) );
#182 = EDGE_LOOP ( 'NONE', ( #143, #78, #664, #1168 ) ) ;
#183 = CARTESIAN_POINT ( 'NONE',  ( 0.000000000000000000, -0.5000000000000000000, 0.000000000000000000 ) ) ;
#184 = CARTESIAN_POINT ( 'NONE',  ( 2.000000000000000000, -0.5000000000000000000, 5.656854249492380582 ) ) ;
#185 = FILL_AREA_STYLE ('',( #41 ) ) ;
#186 = COLOUR_RGB ( '',0.2509803921568627416, 0.2509803921568627416, 0.2509803921568627416 ) ;
#187 = EDGE_CURVE ( 'NONE', #759, #1616, #545, .T. ) ;
#188 = EDGE_LOOP ( 'NONE', ( #1413 ) ) ;
#189 = CARTESIAN_POINT ( 'NONE',  ( 2.000000000000000000, -0.5000000000000000000, 5.656854249492380582 ) ) ;
#190 = VECTOR ( 'NONE', #563, 1000.000000000000000 ) ;
#191 = PRESENTATION_STYLE_ASSIGNMENT (( #1002 ) ) ;
#192 = PRESENTATION_LAYER_ASSIGNMENT (  '', '', ( #710 ) ) ;
#193 = MECHANICAL_DESIGN_GEOMETRIC_PRESENTATION_REPRESENTATION (  '', ( #281 ), #1345 ) ;
#194 = AXIS2_PLACEMENT_3D ( 'NONE', #154, #271, #1071 ) ;
#195 = DIRECTION ( 'NONE',  ( 0.000000000000000000, 0.000000000000000000, 1.000000000000000000 ) ) ;
#196 = ORIENTED_EDGE ( 'NONE', *, *, #1363, .T. ) ;
#197 = EDGE_CURVE ( 'NONE', #530, #490, #22, .T. ) ;
#198 = PLANE ( 'NONE',  #346 ) ;
#199 = PRESENTATION_STYLE_ASSIGNMENT (( #384 ) ) ;
#200 = SURFACE_STYLE_USAGE ( .BOTH. , #1459 ) ;
#201 = DIRECTION ( 'NONE',  ( 0.000000000000000000, 0.000000000000000000, 1.000000000000000000 ) ) ;
#202 = ORIENTED_EDGE ( 'NONE', *, *, #466, .F. ) ;
#203 = CARTESIAN_POINT ( 'NONE',  ( 3.437059837324794920, 0.000000000000000000, -4.293788499058711849 ) ) ;
#204 = DIRECTION ( 'NONE',  ( -0.000000000000000000, 1.000000000000000000, -0.000000000000000000 ) ) ;
#205 = CARTESIAN_POINT ( 'NONE',  ( 0.03846153846153821387, 9.509999999999999787, 3.833333333333333481 ) ) ;
#206 = LINE ( 'NONE', #92, #15 ) ;
#207 = EDGE_LOOP ( 'NONE', ( #1216, #521, #857, #224 ) ) ;
#208 = DIRECTION ( 'NONE',  ( 0.000000000000000000, 1.000000000000000000, 0.000000000000000000 ) ) ;
#209 = EDGE_CURVE ( 'NONE', #275, #868, #411, .T. ) ;
#210 = LINE ( 'NONE', #1618, #655 ) ;
#211 = FACE_OUTER_BOUND ( 'NONE', #1532, .T. ) ;
#212 = VECTOR ( 'NONE', #551, 1000.000000000000000 ) ;
#213 = SURFACE_STYLE_FILL_AREA ( #475 ) ;
#214 = PRODUCT_RELATED_PRODUCT_CATEGORY ( 'part', '', ( #840 ) ) ;
#215 = CARTESIAN_POINT ( 'NONE',  ( 0.000000000000000000, 9.509999999999999787, 0.000000000000000000 ) ) ;
#216 = DIRECTION ( 'NONE',  ( 0.000000000000000000, 0.000000000000000000, -1.000000000000000000 ) ) ;
#217 = ORIENTED_EDGE ( 'NONE', *, *, #951, .T. ) ;
#218 =( GEOMETRIC_REPRESENTATION_CONTEXT ( 3 ) GLOBAL_UNCERTAINTY_ASSIGNED_CONTEXT ( ( #1065 ) ) GLOBAL_UNIT_ASSIGNED_CONTEXT ( ( #1031, #1390, #1507 ) ) REPRESENTATION_CONTEXT ( 'NONE', 'WORKASPACE' ) );
#219 = CARTESIAN_POINT ( 'NONE',  ( 0.000000000000000000, 0.000000000000000000, 0.000000000000000000 ) ) ;
#220 = FILL_AREA_STYLE ('',( #907 ) ) ;
#221 = DIRECTION ( 'NONE',  ( 0.000000000000000000, 0.000000000000000000, 1.000000000000000000 ) ) ;
#222 = SURFACE_STYLE_USAGE ( .BOTH. , #884 ) ;
#223 =( NAMED_UNIT ( * ) SI_UNIT ( $, .STERADIAN. ) SOLID_ANGLE_UNIT ( ) );
#224 = ORIENTED_EDGE ( 'NONE', *, *, #180, .T. ) ;
#225 = DIRECTION ( 'NONE',  ( 1.000000000000000000, 0.000000000000000000, 0.000000000000000000 ) ) ;
#226 = ORIENTED_EDGE ( 'NONE', *, *, #1523, .F. ) ;
#227 = ORIENTED_EDGE ( 'NONE', *, *, #1073, .F. ) ;
#228 = DIRECTION ( 'NONE',  ( 0.000000000000000000, 0.000000000000000000, 1.000000000000000000 ) ) ;
#229 = LINE ( 'NONE', #1502, #171 ) ;
#230 = FACE_OUTER_BOUND ( 'NONE', #1342, .T. ) ;
#231 = FACE_OUTER_BOUND ( 'NONE', #111, .T. ) ;
#232 =( GEOMETRIC_REPRESENTATION_CONTEXT ( 3 ) GLOBAL_UNCERTAINTY_ASSIGNED_CONTEXT ( ( #692 ) ) GLOBAL_UNIT_ASSIGNED_CONTEXT ( ( #1030, #1409, #34 ) ) REPRESENTATION_CONTEXT ( 'NONE', 'WORKASPACE' ) );
#233 = DIRECTION ( 'NONE',  ( -0.000000000000000000, 1.000000000000000000, -0.000000000000000000 ) ) ;
#234 = EDGE_CURVE ( 'NONE', #1388, #779, #153, .T. ) ;
#235 = CARTESIAN_POINT ( 'NONE',  ( -3.437059837324712319, 0.000000000000000000, -4.293788499058778463 ) ) ;
#236 = STYLED_ITEM ( 'NONE', ( #686 ), #56 ) ;
#237 = COLOUR_RGB ( '',0.2509803921568627416, 0.2509803921568627416, 0.2509803921568627416 ) ;
#238 = SURFACE_STYLE_FILL_AREA ( #375 ) ;
#239 = EDGE_LOOP ( 'NONE', ( #1140, #859, #268, #438 ) ) ;
#240 = PRESENTATION_LAYER_ASSIGNMENT (  '', '', ( #546 ) ) ;
#241 = ORIENTED_EDGE ( 'NONE', *, *, #1084, .F. ) ;
#242 = VERTEX_POINT ( 'NONE', #30 ) ;
#243 = LINE ( 'NONE', #123, #949 ) ;
#244 = CARTESIAN_POINT ( 'NONE',  ( 0.000000000000000000, 9.500000000000000000, 0.000000000000000000 ) ) ;
#245 = SURFACE_SIDE_STYLE ('',( #1286 ) ) ;
#246 = UNCERTAINTY_MEASURE_WITH_UNIT (LENGTH_MEASURE( 1.000000000000000082E-05 ), #1043, 'distance_accuracy_value', 'NONE');
#247 = EDGE_LOOP ( 'NONE', ( #1612 ) ) ;
#248 = AXIS2_PLACEMENT_3D ( 'NONE', #423, #1543, #12 ) ;
#249 = EDGE_CURVE ( 'NONE', #1616, #641, #1444, .T. ) ;
#250 = VERTEX_POINT ( 'NONE', #167 ) ;
#251 = CARTESIAN_POINT ( 'NONE',  ( -0.3461538461538465339, 9.500000000000000000, 3.448717948717948900 ) ) ;
#252 = FILL_AREA_STYLE ('',( #899 ) ) ;
#253 = ADVANCED_FACE ( 'NONE', ( #952, #685 ), #1011, .F. ) ;
#254 = DIRECTION ( 'NONE',  ( 0.000000000000000000, 0.000000000000000000, -1.000000000000000000 ) ) ;
#255 = MECHANICAL_DESIGN_GEOMETRIC_PRESENTATION_REPRESENTATION (  '', ( #964 ), #561 ) ;
#256 = FILL_AREA_STYLE_COLOUR ( '', #987 ) ;
#257 = STYLED_ITEM ( 'NONE', ( #1088 ), #396 ) ;
#258 = ORIENTED_EDGE ( 'NONE', *, *, #1491, .T. ) ;
#259 = EDGE_LOOP ( 'NONE', ( #1253, #1245, #1415, #358, #114, #152, #86, #120, #1015, #1261, #119, #825 ) ) ;
#260 = EDGE_CURVE ( 'NONE', #1424, #708, #845, .T. ) ;
#261 = LINE ( 'NONE', #1255, #1001 ) ;
#262 = FACE_OUTER_BOUND ( 'NONE', #1138, .T. ) ;
#263 =( NAMED_UNIT ( * ) SI_UNIT ( $, .STERADIAN. ) SOLID_ANGLE_UNIT ( ) );
#264 = SURFACE_STYLE_FILL_AREA ( #528 ) ;
#265 = AXIS2_PLACEMENT_3D ( 'NONE', #786, #1179, #537 ) ;
#266 = PRESENTATION_LAYER_ASSIGNMENT (  '', '', ( #623 ) ) ;
#267 = DIRECTION ( 'NONE',  ( 0.000000000000000000, 0.000000000000000000, -1.000000000000000000 ) ) ;
#268 = ORIENTED_EDGE ( 'NONE', *, *, #909, .T. ) ;
#269 = CARTESIAN_POINT ( 'NONE',  ( 0.000000000000000000, -5.500000000000000000, 3.799999999999999822 ) ) ;
#270 = EDGE_LOOP ( 'NONE', ( #996 ) ) ;
#271 = DIRECTION ( 'NONE',  ( -0.000000000000000000, -1.000000000000000000, -0.000000000000000000 ) ) ;
#272 = CARTESIAN_POINT ( 'NONE',  ( 0.000000000000000000, -0.5000000000000000000, 0.000000000000000000 ) ) ;
#273 = DIRECTION ( 'NONE',  ( 0.000000000000000000, 0.000000000000000000, -1.000000000000000000 ) ) ;
#274 =( GEOMETRIC_REPRESENTATION_CONTEXT ( 3 ) GLOBAL_UNCERTAINTY_ASSIGNED_CONTEXT ( ( #542 ) ) GLOBAL_UNIT_ASSIGNED_CONTEXT ( ( #1494, #1339, #705 ) ) REPRESENTATION_CONTEXT ( 'NONE', 'WORKASPACE' ) );
#275 = VERTEX_POINT ( 'NONE', #1495 ) ;
#276 = DIRECTION ( 'NONE',  ( -0.000000000000000000, -1.000000000000000000, -0.000000000000000000 ) ) ;
#277 =( NAMED_UNIT ( * ) PLANE_ANGLE_UNIT ( ) SI_UNIT ( $, .RADIAN. ) );
#278 = FACE_OUTER_BOUND ( 'NONE', #270, .T. ) ;
#279 = CARTESIAN_POINT ( 'NONE',  ( -0.3461538461538465339, 9.509999999999999787, 3.448717948717948900 ) ) ;
#280 = DIRECTION ( 'NONE',  ( -0.000000000000000000, -1.000000000000000000, -0.000000000000000000 ) ) ;
#281 = STYLED_ITEM ( 'NONE', ( #1127 ), #464 ) ;
#282 = LINE ( 'NONE', #928, #1318 ) ;
#283 =( NAMED_UNIT ( * ) PLANE_ANGLE_UNIT ( ) SI_UNIT ( $, .RADIAN. ) );
#284 = AXIS2_PLACEMENT_3D ( 'NONE', #1114, #116, #332 ) ;
#285 = UNCERTAINTY_MEASURE_WITH_UNIT (LENGTH_MEASURE( 1.000000000000000082E-05 ), #743, 'distance_accuracy_value', 'NONE');
#286 =( GEOMETRIC_REPRESENTATION_CONTEXT ( 3 ) GLOBAL_UNCERTAINTY_ASSIGNED_CONTEXT ( ( #1571 ) ) GLOBAL_UNIT_ASSIGNED_CONTEXT ( ( #345, #1628, #613 ) ) REPRESENTATION_CONTEXT ( 'NONE', 'WORKASPACE' ) );
#287 = STYLED_ITEM ( 'NONE', ( #27 ), #343 ) ;
#288 = LINE ( 'NONE', #1201, #1263 ) ;
#289 = SURFACE_STYLE_FILL_AREA ( #1435 ) ;
#290 = CARTESIAN_POINT ( 'NONE',  ( 0.000000000000000000, 9.500000000000000000, 1.300000000000000044 ) ) ;
#291 = DIRECTION ( 'NONE',  ( 0.000000000000000000, 1.000000000000000000, 0.000000000000000000 ) ) ;
#292 = ADVANCED_FACE ( 'NONE', ( #211 ), #734, .T. ) ;
#293 = AXIS2_PLACEMENT_3D ( 'NONE', #1544, #919, #273 ) ;
#294 = PRESENTATION_STYLE_ASSIGNMENT (( #420 ) ) ;
#295 = CARTESIAN_POINT ( 'NONE',  ( 5.898979485566357539, -0.5000000000000000000, -1.096376317177308435 ) ) ;
#296 = SURFACE_STYLE_FILL_AREA ( #26 ) ;
#297 = AXIS2_PLACEMENT_3D ( 'NONE', #1203, #861, #1361 ) ;
#298 = UNCERTAINTY_MEASURE_WITH_UNIT (LENGTH_MEASURE( 1.000000000000000082E-05 ), #918, 'distance_accuracy_value', 'NONE');
#299 = MECHANICAL_DESIGN_GEOMETRIC_PRESENTATION_REPRESENTATION (  '', ( #1531 ), #789 ) ;
#300 = DIRECTION ( 'NONE',  ( -1.000000000000000000, 0.000000000000000000, -0.000000000000000000 ) ) ;
#301 = DIRECTION ( 'NONE',  ( 0.000000000000000000, 0.000000000000000000, 1.000000000000000000 ) ) ;
#302 = SURFACE_STYLE_FILL_AREA ( #1574 ) ;
#303 = DIRECTION ( 'NONE',  ( 0.000000000000000000, 0.000000000000000000, 1.000000000000000000 ) ) ;
#304 = EDGE_CURVE ( 'NONE', #63, #1274, #791, .T. ) ;
#305 = CARTESIAN_POINT ( 'NONE',  ( 3.437059837324794920, -0.5000000000000000000, -4.293788499058711849 ) ) ;
#306 =( LENGTH_UNIT ( ) NAMED_UNIT ( * ) SI_UNIT ( .MILLI., .METRE. ) );
#307 = ORIENTED_EDGE ( 'NONE', *, *, #304, .T. ) ;
#308 = ADVANCED_FACE ( 'NONE', ( #1003 ), #6, .T. ) ;
#309 = STYLED_ITEM ( 'NONE', ( #1202 ), #50 ) ;
#310 = PLANE ( 'NONE',  #895 ) ;
#311 = UNCERTAINTY_MEASURE_WITH_UNIT (LENGTH_MEASURE( 1.000000000000000082E-05 ), #1037, 'distance_accuracy_value', 'NONE');
#312 = PRESENTATION_LAYER_ASSIGNMENT (  '', '', ( #1132 ) ) ;
#313 = CARTESIAN_POINT ( 'NONE',  ( 0.000000000000000000, 0.000000000000000000, 0.000000000000000000 ) ) ;
#314 = ORIENTED_EDGE ( 'NONE', *, *, #1652, .T. ) ;
#315 = VECTOR ( 'NONE', #1374, 1000.000000000000000 ) ;
#316 = LINE ( 'NONE', #971, #683 ) ;
#317 = FACE_OUTER_BOUND ( 'NONE', #1511, .T. ) ;
#318 = VECTOR ( 'NONE', #541, 1000.000000000000114 ) ;
#319 = EDGE_CURVE ( 'NONE', #661, #478, #373, .T. ) ;
#320 = ORIENTED_EDGE ( 'NONE', *, *, #1033, .T. ) ;
#321 = PRESENTATION_STYLE_ASSIGNMENT (( #1590 ) ) ;
#322 = PRODUCT_DEFINITION_SHAPE ( 'NONE', 'NONE',  #169 ) ;
#323 =( LENGTH_UNIT ( ) NAMED_UNIT ( * ) SI_UNIT ( .MILLI., .METRE. ) );
#324 = AXIS2_PLACEMENT_3D ( 'NONE', #1498, #1260, #110 ) ;
#325 = STYLED_ITEM ( 'NONE', ( #1327 ), #1213 ) ;
#326 = SURFACE_STYLE_FILL_AREA ( #1605 ) ;
#327 = ORIENTED_EDGE ( 'NONE', *, *, #735, .F. ) ;
#328 = MECHANICAL_DESIGN_GEOMETRIC_PRESENTATION_REPRESENTATION (  '', ( #1416 ), #43 ) ;
#329 = FILL_AREA_STYLE ('',( #1112 ) ) ;
#330 = STYLED_ITEM ( 'NONE', ( #1365 ), #1023 ) ;
#331 = ORIENTED_EDGE ( 'NONE', *, *, #1410, .T. ) ;
#332 = DIRECTION ( 'NONE',  ( 0.000000000000000000, 0.000000000000000000, -1.000000000000000000 ) ) ;
#333 = CARTESIAN_POINT ( 'NONE',  ( 5.437059837324713207, 0.000000000000000000, -0.8296868839210217450 ) ) ;
#334 =( NAMED_UNIT ( * ) PLANE_ANGLE_UNIT ( ) SI_UNIT ( $, .RADIAN. ) );
#335 = VECTOR ( 'NONE', #558, 1000.000000000000000 ) ;
#336 = ADVANCED_FACE ( 'NONE', ( #136, #1173 ), #1545, .F. ) ;
#337 = VERTEX_POINT ( 'NONE', #391 ) ;
#338 =( NAMED_UNIT ( * ) SI_UNIT ( $, .STERADIAN. ) SOLID_ANGLE_UNIT ( ) );
#339 = EDGE_CURVE ( 'NONE', #647, #102, #921, .T. ) ;
#340 = ORIENTED_EDGE ( 'NONE', *, *, #489, .F. ) ;
#341 = DIRECTION ( 'NONE',  ( 0.000000000000000000, 0.000000000000000000, -1.000000000000000000 ) ) ;
#342 =( LENGTH_UNIT ( ) NAMED_UNIT ( * ) SI_UNIT ( .MILLI., .METRE. ) );
#343 = ADVANCED_FACE ( 'NONE', ( #1272 ), #666, .T. ) ;
#344 = CARTESIAN_POINT ( 'NONE',  ( -3.898979485566352210, -0.5000000000000000000, -4.560477932315072813 ) ) ;
#345 =( LENGTH_UNIT ( ) NAMED_UNIT ( * ) SI_UNIT ( .MILLI., .METRE. ) );
#346 = AXIS2_PLACEMENT_3D ( 'NONE', #357, #997, #1490 ) ;
#347 = AXIS2_PLACEMENT_3D ( 'NONE', #1369, #1607, #341 ) ;
#348 = DIRECTION ( 'NONE',  ( 0.000000000000000000, 0.000000000000000000, 1.000000000000000000 ) ) ;
#349 = ORIENTED_EDGE ( 'NONE', *, *, #1442, .T. ) ;
#350 = CARTESIAN_POINT ( 'NONE',  ( -0.05128205128205156477, 9.509999999999999787, 3.448717948717948900 ) ) ;
#351 = VERTEX_POINT ( 'NONE', #706 ) ;
#352 = FILL_AREA_STYLE ('',( #744 ) ) ;
#353 =( NAMED_UNIT ( * ) SI_UNIT ( $, .STERADIAN. ) SOLID_ANGLE_UNIT ( ) );
#354 = ORIENTED_EDGE ( 'NONE', *, *, #969, .T. ) ;
#355 =( GEOMETRIC_REPRESENTATION_CONTEXT ( 3 ) GLOBAL_UNCERTAINTY_ASSIGNED_CONTEXT ( ( #1013 ) ) GLOBAL_UNIT_ASSIGNED_CONTEXT ( ( #463, #334, #1620 ) ) REPRESENTATION_CONTEXT ( 'NONE', 'WORKASPACE' ) );
#356 = AXIS2_PLACEMENT_3D ( 'NONE', #539, #680, #1046 ) ;
#357 = CARTESIAN_POINT ( 'NONE',  ( 0.3333333333333330373, 9.509999999999999787, 3.448717948717948900 ) ) ;
#358 = ORIENTED_EDGE ( 'NONE', *, *, #814, .T. ) ;
#359 = COLOUR_RGB ( '',0.2509803921568627416, 0.2509803921568627416, 0.2509803921568627416 ) ;
#360 = ORIENTED_EDGE ( 'NONE', *, *, #1237, .T. ) ;
#361 = SURFACE_SIDE_STYLE ('',( #1503 ) ) ;
#362 = DIRECTION ( 'NONE',  ( -0.8660254037844351549, -0.000000000000000000, -0.5000000000000061062 ) ) ;
#363 = PLANE ( 'NONE',  #833 ) ;
#364 = PLANE ( 'NONE',  #1304 ) ;
#365 = AXIS2_PLACEMENT_3D ( 'NONE', #1568, #547, #1060 ) ;
#366 = UNCERTAINTY_MEASURE_WITH_UNIT (LENGTH_MEASURE( 1.000000000000000082E-05 ), #802, 'distance_accuracy_value', 'NONE');
#367 = LINE ( 'NONE', #1025, #555 ) ;
#368 = VERTEX_POINT ( 'NONE', #1219 ) ;
#369 = ORIENTED_EDGE ( 'NONE', *, *, #19, .T. ) ;
#370 = ORIENTED_EDGE ( 'NONE', *, *, #698, .T. ) ;
#371 = CYLINDRICAL_SURFACE ( 'NONE', #727, 5.500000000000001776 ) ;
#372 = SURFACE_STYLE_USAGE ( .BOTH. , #1153 ) ;
#373 = LINE ( 'NONE', #16, #871 ) ;
#374 = AXIS2_PLACEMENT_3D ( 'NONE', #219, #208, #858 ) ;
#375 = FILL_AREA_STYLE ('',( #865 ) ) ;
#376 = EDGE_CURVE ( 'NONE', #451, #628, #691, .T. ) ;
#377 = ORIENTED_EDGE ( 'NONE', *, *, #1403, .F. ) ;
#378 = STYLED_ITEM ( 'NONE', ( #1064 ), #654 ) ;
#379 = ORIENTED_EDGE ( 'NONE', *, *, #135, .T. ) ;
#380 = ORIENTED_EDGE ( 'NONE', *, *, #1528, .T. ) ;
#381 = CARTESIAN_POINT ( 'NONE',  ( 0.3333333333333330373, 9.509999999999999787, 3.538461538461538325 ) ) ;
#382 = CARTESIAN_POINT ( 'NONE',  ( 0.03846153846153821387, 9.509999999999999787, 3.153846153846153744 ) ) ;
#383 = FILL_AREA_STYLE ('',( #1024 ) ) ;
#384 = SURFACE_STYLE_USAGE ( .BOTH. , #1009 ) ;
#385 = ORIENTED_EDGE ( 'NONE', *, *, #771, .F. ) ;
#386 = COLOUR_RGB ( '',0.2509803921568627416, 0.2509803921568627416, 0.2509803921568627416 ) ;
#387 = DIRECTION ( 'NONE',  ( -1.000000000000000000, 0.000000000000000000, 0.000000000000000000 ) ) ;
#388 = CARTESIAN_POINT ( 'NONE',  ( 0.03846153846153821387, 9.500000000000000000, 3.538461538461538325 ) ) ;
#389 = DIRECTION ( 'NONE',  ( 0.000000000000000000, 0.000000000000000000, 1.000000000000000000 ) ) ;
#390 = FACE_OUTER_BOUND ( 'NONE', #1209, .T. ) ;
#391 = CARTESIAN_POINT ( 'NONE',  ( -0.3461538461538465339, 9.500000000000000000, 3.538461538461538325 ) ) ;
#392 = PLANE ( 'NONE',  #932 ) ;
#393 = LINE ( 'NONE', #1269, #731 ) ;
#394 = ORIENTED_EDGE ( 'NONE', *, *, #851, .T. ) ;
#395 = ORIENTED_EDGE ( 'NONE', *, *, #1658, .T. ) ;
#396 = ADVANCED_FACE ( 'NONE', ( #674, #1466 ), #1212, .T. ) ;
#397 = SURFACE_STYLE_USAGE ( .BOTH. , #522 ) ;
#398 = FILL_AREA_STYLE ('',( #910 ) ) ;
#399 = ADVANCED_FACE ( 'NONE', ( #1579 ), #1562, .F. ) ;
#400 = CARTESIAN_POINT ( 'NONE',  ( -5.898979485566355763, -0.5000000000000000000, -1.096376317177319537 ) ) ;
#401 = STYLED_ITEM ( 'NONE', ( #479 ), #1275 ) ;
#402 = FILL_AREA_STYLE_COLOUR ( '', #409 ) ;
#403 = ORIENTED_EDGE ( 'NONE', *, *, #1242, .F. ) ;
#404 = CARTESIAN_POINT ( 'NONE',  ( -0.05128205128205156477, 9.509999999999999787, 3.538461538461538325 ) ) ;
#405 =( NAMED_UNIT ( * ) SI_UNIT ( $, .STERADIAN. ) SOLID_ANGLE_UNIT ( ) );
#406 = FILL_AREA_STYLE_COLOUR ( '', #945 ) ;
#407 = CARTESIAN_POINT ( 'NONE',  ( -5.437059837324713207, -0.5000000000000000000, -0.8296868839210257418 ) ) ;
#408 = PRESENTATION_STYLE_ASSIGNMENT (( #1098 ) ) ;
#409 = COLOUR_RGB ( '',0.2509803921568627416, 0.2509803921568627416, 0.2509803921568627416 ) ;
#410 =( LENGTH_UNIT ( ) NAMED_UNIT ( * ) SI_UNIT ( .MILLI., .METRE. ) );
#411 = LINE ( 'NONE', #1307, #782 ) ;
#412 = FACE_OUTER_BOUND ( 'NONE', #138, .T. ) ;
#413 = FACE_OUTER_BOUND ( 'NONE', #1178, .T. ) ;
#414 = AXIS2_PLACEMENT_3D ( 'NONE', #1370, #1248, #221 ) ;
#415 = MECHANICAL_DESIGN_GEOMETRIC_PRESENTATION_REPRESENTATION (  '', ( #498 ), #355 ) ;
#416 =( GEOMETRIC_REPRESENTATION_CONTEXT ( 3 ) GLOBAL_UNCERTAINTY_ASSIGNED_CONTEXT ( ( #966 ) ) GLOBAL_UNIT_ASSIGNED_CONTEXT ( ( #168, #533, #687 ) ) REPRESENTATION_CONTEXT ( 'NONE', 'WORKASPACE' ) );
#417 = CARTESIAN_POINT ( 'NONE',  ( -0.05128205128205156477, 9.500000000000000000, 3.448717948717948900 ) ) ;
#418 =( NAMED_UNIT ( * ) SI_UNIT ( $, .STERADIAN. ) SOLID_ANGLE_UNIT ( ) );
#419 = UNCERTAINTY_MEASURE_WITH_UNIT (LENGTH_MEASURE( 1.000000000000000082E-05 ), #1657, 'distance_accuracy_value', 'NONE');
#420 = SURFACE_STYLE_USAGE ( .BOTH. , #1097 ) ;
#421 = DIRECTION ( 'NONE',  ( -0.000000000000000000, -1.000000000000000000, -0.000000000000000000 ) ) ;
#422 =( LENGTH_UNIT ( ) NAMED_UNIT ( * ) SI_UNIT ( .MILLI., .METRE. ) );
#423 = CARTESIAN_POINT ( 'NONE',  ( -0.3461538461538465339, 9.509999999999999787, 3.538461538461538325 ) ) ;
#424 = DIRECTION ( 'NONE',  ( -0.000000000000000000, 1.000000000000000000, -0.000000000000000000 ) ) ;
#425 = DIRECTION ( 'NONE',  ( 0.000000000000000000, 0.000000000000000000, 1.000000000000000000 ) ) ;
#426 = PRESENTATION_LAYER_ASSIGNMENT (  '', '', ( #1158 ) ) ;
#427 = EDGE_CURVE ( 'NONE', #708, #351, #812, .T. ) ;
#428 = DIRECTION ( 'NONE',  ( -0.000000000000000000, -1.000000000000000000, -0.000000000000000000 ) ) ;
#429 = AXIS2_PLACEMENT_3D ( 'NONE', #1381, #233, #1143 ) ;
#430 = CARTESIAN_POINT ( 'NONE',  ( 0.000000000000000000, -4.000000000000000000, -4.100000000000000533 ) ) ;
#431 = DIRECTION ( 'NONE',  ( 0.000000000000000000, 0.000000000000000000, 1.000000000000000000 ) ) ;
#432 =( GEOMETRIC_REPRESENTATION_CONTEXT ( 3 ) GLOBAL_UNCERTAINTY_ASSIGNED_CONTEXT ( ( #1215 ) ) GLOBAL_UNIT_ASSIGNED_CONTEXT ( ( #1047, #1436, #1559 ) ) REPRESENTATION_CONTEXT ( 'NONE', 'WORKASPACE' ) );
#433 = FILL_AREA_STYLE ('',( #1082 ) ) ;
#434 = UNCERTAINTY_MEASURE_WITH_UNIT (LENGTH_MEASURE( 1.000000000000000082E-05 ), #1392, 'distance_accuracy_value', 'NONE');
#435 = STYLED_ITEM ( 'NONE', ( #721 ), #916 ) ;
#436 = ADVANCED_FACE ( 'NONE', ( #53 ), #566, .F. ) ;
#437 = DIRECTION ( 'NONE',  ( -0.000000000000000000, 0.000000000000000000, 1.000000000000000000 ) ) ;
#438 = ORIENTED_EDGE ( 'NONE', *, *, #735, .T. ) ;
#439 = DIRECTION ( 'NONE',  ( 0.000000000000000000, 0.000000000000000000, 1.000000000000000000 ) ) ;
#440 = CARTESIAN_POINT ( 'NONE',  ( -3.898979485566352210, -0.5000000000000000000, -4.560477932315072813 ) ) ;
#441 = DIRECTION ( 'NONE',  ( 0.000000000000000000, -0.000000000000000000, 1.000000000000000000 ) ) ;
#442 =( GEOMETRIC_REPRESENTATION_CONTEXT ( 3 ) GLOBAL_UNCERTAINTY_ASSIGNED_CONTEXT ( ( #419 ) ) GLOBAL_UNIT_ASSIGNED_CONTEXT ( ( #1657, #646, #660 ) ) REPRESENTATION_CONTEXT ( 'NONE', 'WORKASPACE' ) );
#443 = CARTESIAN_POINT ( 'NONE',  ( -5.898979485566355763, -0.5000000000000000000, -1.096376317177319537 ) ) ;
#444 = ORIENTED_EDGE ( 'NONE', *, *, #775, .T. ) ;
#445 = MECHANICAL_DESIGN_GEOMETRIC_PRESENTATION_REPRESENTATION (  '', ( #1152 ), #939 ) ;
#446 = CIRCLE ( 'NONE', #365, 0.3000000000000003775 ) ;
#447 = DIRECTION ( 'NONE',  ( -0.000000000000000000, 1.000000000000000000, -0.000000000000000000 ) ) ;
#448 = FACE_BOUND ( 'NONE', #792, .T. ) ;
#449 = MECHANICAL_DESIGN_GEOMETRIC_PRESENTATION_REPRESENTATION (  '', ( #673 ), #232 ) ;
#450 = CARTESIAN_POINT ( 'NONE',  ( -0.3461538461538465339, 9.509999999999999787, 3.538461538461538325 ) ) ;
#451 = VERTEX_POINT ( 'NONE', #205 ) ;
#452 = SURFACE_STYLE_FILL_AREA ( #835 ) ;
#453 = VECTOR ( 'NONE', #678, 1000.000000000000000 ) ;
#454 =( GEOMETRIC_REPRESENTATION_CONTEXT ( 3 ) GLOBAL_UNCERTAINTY_ASSIGNED_CONTEXT ( ( #1294 ) ) GLOBAL_UNIT_ASSIGNED_CONTEXT ( ( #1151, #1277, #1525 ) ) REPRESENTATION_CONTEXT ( 'NONE', 'WORKASPACE' ) );
#455 = DIRECTION ( 'NONE',  ( -0.000000000000000000, -1.000000000000000000, -0.000000000000000000 ) ) ;
#456 = PLANE ( 'NONE',  #14 ) ;
#457 = MECHANICAL_DESIGN_GEOMETRIC_PRESENTATION_REPRESENTATION (  '', ( #546 ), #1604 ) ;
#458 = DIRECTION ( 'NONE',  ( 0.000000000000000000, 1.000000000000000000, 0.000000000000000000 ) ) ;
#459 = ORIENTED_EDGE ( 'NONE', *, *, #1291, .F. ) ;
#460 = CARTESIAN_POINT ( 'NONE',  ( -0.05128205128205156477, 9.509999999999999787, 3.153846153846153744 ) ) ;
#461 =( NAMED_UNIT ( * ) SI_UNIT ( $, .STERADIAN. ) SOLID_ANGLE_UNIT ( ) );
#462 = DIRECTION ( 'NONE',  ( 0.000000000000000000, 1.000000000000000000, 0.000000000000000000 ) ) ;
#463 =( LENGTH_UNIT ( ) NAMED_UNIT ( * ) SI_UNIT ( .MILLI., .METRE. ) );
#464 = ADVANCED_FACE ( 'NONE', ( #863, #719 ), #746, .T. ) ;
#465 = STYLED_ITEM ( 'NONE', ( #146 ), #1154 ) ;
#466 = EDGE_CURVE ( 'NONE', #648, #131, #1228, .T. ) ;
#467 =( GEOMETRIC_REPRESENTATION_CONTEXT ( 3 ) GLOBAL_UNCERTAINTY_ASSIGNED_CONTEXT ( ( #1554 ) ) GLOBAL_UNIT_ASSIGNED_CONTEXT ( ( #961, #1338, #73 ) ) REPRESENTATION_CONTEXT ( 'NONE', 'WORKASPACE' ) );
#468 = CARTESIAN_POINT ( 'NONE',  ( 0.000000000000000000, 9.500000000000000000, 0.000000000000000000 ) ) ;
#469 = ORIENTED_EDGE ( 'NONE', *, *, #1349, .T. ) ;
#470 = FILL_AREA_STYLE_COLOUR ( '', #701 ) ;
#471 = ADVANCED_FACE ( 'NONE', ( #448, #854, #317 ), #456, .T. ) ;
#472 = ORIENTED_EDGE ( 'NONE', *, *, #249, .T. ) ;
#473 = CARTESIAN_POINT ( 'NONE',  ( -0.05128205128205156477, 9.509999999999999787, 3.153846153846153744 ) ) ;
#474 = SURFACE_SIDE_STYLE ('',( #1134 ) ) ;
#475 = FILL_AREA_STYLE ('',( #99 ) ) ;
#476 = DIRECTION ( 'NONE',  ( 0.4999999999999925615, 0.000000000000000000, 0.8660254037844429265 ) ) ;
#477 = SURFACE_STYLE_USAGE ( .BOTH. , #896 ) ;
#478 = VERTEX_POINT ( 'NONE', #235 ) ;
#479 = PRESENTATION_STYLE_ASSIGNMENT (( #95 ) ) ;
#480 = ADVANCED_FACE ( 'NONE', ( #1517 ), #364, .T. ) ;
#481 = EDGE_LOOP ( 'NONE', ( #538, #626, #1359, #741 ) ) ;
#482 = FACE_OUTER_BOUND ( 'NONE', #1468, .T. ) ;
#483 = FILL_AREA_STYLE ('',( #1592 ) ) ;
#484 = DIRECTION ( 'NONE',  ( 0.000000000000000000, -0.000000000000000000, -1.000000000000000000 ) ) ;
#485 = CARTESIAN_POINT ( 'NONE',  ( 0.000000000000000000, 9.500000000000000000, 0.000000000000000000 ) ) ;
#486 = VECTOR ( 'NONE', #629, 1000.000000000000000 ) ;
#487 = ORIENTED_EDGE ( 'NONE', *, *, #1384, .T. ) ;
#488 = LINE ( 'NONE', #1262, #1449 ) ;
#489 = EDGE_CURVE ( 'NONE', #897, #570, #633, .T. ) ;
#490 = VERTEX_POINT ( 'NONE', #892 ) ;
#491 = SURFACE_STYLE_FILL_AREA ( #1632 ) ;
#492 = DIRECTION ( 'NONE',  ( -0.000000000000000000, 1.000000000000000000, -0.000000000000000000 ) ) ;
#493 = STYLED_ITEM ( 'NONE', ( #191 ), #783 ) ;
#494 = DIRECTION ( 'NONE',  ( 0.000000000000000000, -1.000000000000000000, 0.000000000000000000 ) ) ;
#495 = MECHANICAL_DESIGN_GEOMETRIC_PRESENTATION_REPRESENTATION (  '', ( #1175 ), #442 ) ;
#496 = DIRECTION ( 'NONE',  ( 1.000000000000000000, 0.000000000000000000, 0.000000000000000000 ) ) ;
#497 = EDGE_LOOP ( 'NONE', ( #349 ) ) ;
#498 = STYLED_ITEM ( 'NONE', ( #1233 ), #471 ) ;
#499 = PRESENTATION_LAYER_ASSIGNMENT (  '', '', ( #1346 ) ) ;
#500 = COLOUR_RGB ( '',0.2509803921568627416, 0.2509803921568627416, 0.2509803921568627416 ) ;
#501 = ORIENTED_EDGE ( 'NONE', *, *, #909, .F. ) ;
#502 = SURFACE_SIDE_STYLE ('',( #1161 ) ) ;
#503 = LINE ( 'NONE', #1278, #962 ) ;
#504 = CARTESIAN_POINT ( 'NONE',  ( 0.000000000000000000, -4.000000000000000000, -3.799999999999999822 ) ) ;
#505 = DIRECTION ( 'NONE',  ( 0.000000000000000000, 1.000000000000000000, 0.000000000000000000 ) ) ;
#506 = ADVANCED_FACE ( 'NONE', ( #230 ), #514, .F. ) ;
#507 = PRESENTATION_LAYER_ASSIGNMENT (  '', '', ( #287 ) ) ;
#508 =( NAMED_UNIT ( * ) PLANE_ANGLE_UNIT ( ) SI_UNIT ( $, .RADIAN. ) );
#509 = CARTESIAN_POINT ( 'NONE',  ( 0.03846153846153821387, 9.509999999999999787, 3.448717948717948900 ) ) ;
#510 = ORIENTED_EDGE ( 'NONE', *, *, #1485, .F. ) ;
#511 = ORIENTED_EDGE ( 'NONE', *, *, #339, .T. ) ;
#512 = ORIENTED_EDGE ( 'NONE', *, *, #260, .F. ) ;
#513 = LINE ( 'NONE', #251, #1474 ) ;
#514 = CYLINDRICAL_SURFACE ( 'NONE', #1432, 5.500000000000001776 ) ;
#515 = AXIS2_PLACEMENT_3D ( 'NONE', #148, #1316, #1448 ) ;
#516 = PRESENTATION_STYLE_ASSIGNMENT (( #156 ) ) ;
#517 = DIRECTION ( 'NONE',  ( -0.000000000000000000, -1.000000000000000000, -0.000000000000000000 ) ) ;
#518 = SURFACE_STYLE_FILL_AREA ( #1041 ) ;
#519 = COLOUR_RGB ( '',0.2509803921568627416, 0.2509803921568627416, 0.2509803921568627416 ) ;
#520 = ORIENTED_EDGE ( 'NONE', *, *, #489, .T. ) ;
#521 = ORIENTED_EDGE ( 'NONE', *, *, #698, .F. ) ;
#522 = SURFACE_SIDE_STYLE ('',( #1651 ) ) ;
#523 = CYLINDRICAL_SURFACE ( 'NONE', #888, 6.000000000000000888 ) ;
#524 = COLOUR_RGB ( '',0.2509803921568627416, 0.2509803921568627416, 0.2509803921568627416 ) ;
#525 = EDGE_CURVE ( 'NONE', #610, #1149, #503, .T. ) ;
#526 = DIRECTION ( 'NONE',  ( 0.000000000000000000, 0.000000000000000000, -1.000000000000000000 ) ) ;
#527 = UNCERTAINTY_MEASURE_WITH_UNIT (LENGTH_MEASURE( 1.000000000000000082E-05 ), #634, 'distance_accuracy_value', 'NONE');
#528 = FILL_AREA_STYLE ('',( #1166 ) ) ;
#529 = EDGE_CURVE ( 'NONE', #897, #1, #229, .T. ) ;
#530 = VERTEX_POINT ( 'NONE', #381 ) ;
#531 = VECTOR ( 'NONE', #1530, 1000.000000000000000 ) ;
#532 = ORIENTED_EDGE ( 'NONE', *, *, #1077, .F. ) ;
#533 =( NAMED_UNIT ( * ) PLANE_ANGLE_UNIT ( ) SI_UNIT ( $, .RADIAN. ) );
#534 = DIRECTION ( 'NONE',  ( 0.000000000000000000, 1.000000000000000000, -0.000000000000000000 ) ) ;
#535 = MECHANICAL_DESIGN_GEOMETRIC_PRESENTATION_REPRESENTATION (  '', ( #150 ), #1464 ) ;
#536 = ORIENTED_EDGE ( 'NONE', *, *, #1403, .T. ) ;
#537 = DIRECTION ( 'NONE',  ( 0.000000000000000000, 0.000000000000000000, -1.000000000000000000 ) ) ;
#538 = ORIENTED_EDGE ( 'NONE', *, *, #696, .T. ) ;
#539 = CARTESIAN_POINT ( 'NONE',  ( 0.000000000000000000, -5.500000000000000000, 3.799999999999999822 ) ) ;
#540 = LINE ( 'NONE', #5, #805 ) ;
#541 = DIRECTION ( 'NONE',  ( 0.8660254037844344888, 0.000000000000000000, 0.5000000000000069944 ) ) ;
#542 = UNCERTAINTY_MEASURE_WITH_UNIT (LENGTH_MEASURE( 1.000000000000000082E-05 ), #1494, 'distance_accuracy_value', 'NONE');
#543 = PRESENTATION_LAYER_ASSIGNMENT (  '', '', ( #1265 ) ) ;
#544 = DIRECTION ( 'NONE',  ( 0.000000000000000000, 0.000000000000000000, -1.000000000000000000 ) ) ;
#545 = LINE ( 'NONE', #1434, #1029 ) ;
#546 = STYLED_ITEM ( 'NONE', ( #550 ), #653 ) ;
#547 = DIRECTION ( 'NONE',  ( 0.000000000000000000, -1.000000000000000000, 0.000000000000000000 ) ) ;
#548 = SURFACE_STYLE_FILL_AREA ( #554 ) ;
#549 = SURFACE_STYLE_FILL_AREA ( #147 ) ;
#550 = PRESENTATION_STYLE_ASSIGNMENT (( #60 ) ) ;
#551 = DIRECTION ( 'NONE',  ( 0.000000000000000000, 0.000000000000000000, -1.000000000000000000 ) ) ;
#552 = DIRECTION ( 'NONE',  ( -0.000000000000000000, 1.000000000000000000, -0.000000000000000000 ) ) ;
#553 = SURFACE_STYLE_USAGE ( .BOTH. , #1208 ) ;
#554 = FILL_AREA_STYLE ('',( #31 ) ) ;
#555 = VECTOR ( 'NONE', #624, 1000.000000000000000 ) ;
#556 = MECHANICAL_DESIGN_GEOMETRIC_PRESENTATION_REPRESENTATION (  '', ( #325 ), #467 ) ;
#557 = CARTESIAN_POINT ( 'NONE',  ( -0.05128205128205156477, 9.509999999999999787, 3.833333333333333481 ) ) ;
#558 = DIRECTION ( 'NONE',  ( -1.000000000000000000, 0.000000000000000000, 0.000000000000000000 ) ) ;
#559 = ADVANCED_FACE ( 'NONE', ( #262 ), #371, .F. ) ;
#560 = UNCERTAINTY_MEASURE_WITH_UNIT (LENGTH_MEASURE( 1.000000000000000082E-05 ), #930, 'distance_accuracy_value', 'NONE');
#561 =( GEOMETRIC_REPRESENTATION_CONTEXT ( 3 ) GLOBAL_UNCERTAINTY_ASSIGNED_CONTEXT ( ( #434 ) ) GLOBAL_UNIT_ASSIGNED_CONTEXT ( ( #1392, #765, #1244 ) ) REPRESENTATION_CONTEXT ( 'NONE', 'WORKASPACE' ) );
#562 = ADVANCED_FACE ( 'NONE', ( #643 ), #133, .F. ) ;
#563 = DIRECTION ( 'NONE',  ( -1.000000000000000000, 0.000000000000000000, 0.000000000000000000 ) ) ;
#564 = CARTESIAN_POINT ( 'NONE',  ( 0.000000000000000000, 6.500000000000000000, 0.000000000000000000 ) ) ;
#565 = CARTESIAN_POINT ( 'NONE',  ( 0.000000000000000000, 9.509999999999999787, 4.500000000000000888 ) ) ;
#566 = PLANE ( 'NONE',  #872 ) ;
#567 = ADVANCED_FACE ( 'NONE', ( #413 ), #1428, .T. ) ;
#568 = AXIS2_PLACEMENT_3D ( 'NONE', #564, #941, #954 ) ;
#569 = FACE_BOUND ( 'NONE', #259, .T. ) ;
#570 = VERTEX_POINT ( 'NONE', #184 ) ;
#571 = FILL_AREA_STYLE ('',( #470 ) ) ;
#572 =( LENGTH_UNIT ( ) NAMED_UNIT ( * ) SI_UNIT ( .MILLI., .METRE. ) );
#573 = SURFACE_STYLE_USAGE ( .BOTH. , #1570 ) ;
#574 = UNCERTAINTY_MEASURE_WITH_UNIT (LENGTH_MEASURE( 1.000000000000000082E-05 ), #24, 'distance_accuracy_value', 'NONE');
#575 = CIRCLE ( 'NONE', #66, 6.000000000000000888 ) ;
#576 = CARTESIAN_POINT ( 'NONE',  ( 0.000000000000000000, 9.500000000000000000, 0.000000000000000000 ) ) ;
#577 = ORIENTED_EDGE ( 'NONE', *, *, #650, .T. ) ;
#578 = VERTEX_POINT ( 'NONE', #810 ) ;
#579 = FILL_AREA_STYLE_COLOUR ( '', #707 ) ;
#580 = VECTOR ( 'NONE', #598, 1000.000000000000000 ) ;
#581 = MECHANICAL_DESIGN_GEOMETRIC_PRESENTATION_REPRESENTATION (  '', ( #257 ), #72 ) ;
#582 = LINE ( 'NONE', #1099, #843 ) ;
#583 = EDGE_LOOP ( 'NONE', ( #469, #1492, #747, #879 ) ) ;
#584 = DIRECTION ( 'NONE',  ( -0.000000000000000000, -1.000000000000000000, -0.000000000000000000 ) ) ;
#585 = CARTESIAN_POINT ( 'NONE',  ( 0.000000000000000000, 0.000000000000000000, -3.500000000000000000 ) ) ;
#586 = AXIS2_PLACEMENT_3D ( 'NONE', #1070, #936, #1557 ) ;
#587 = DIRECTION ( 'NONE',  ( -0.000000000000000000, 1.000000000000000000, -0.000000000000000000 ) ) ;
#588 = FILL_AREA_STYLE_COLOUR ( '', #1460 ) ;
#589 = COLOUR_RGB ( '',0.2509803921568627416, 0.2509803921568627416, 0.2509803921568627416 ) ;
#590 =( LENGTH_UNIT ( ) NAMED_UNIT ( * ) SI_UNIT ( .MILLI., .METRE. ) );
#591 = ORIENTED_EDGE ( 'NONE', *, *, #607, .F. ) ;
#592 = PLANE ( 'NONE',  #126 ) ;
#593 =( GEOMETRIC_REPRESENTATION_CONTEXT ( 3 ) GLOBAL_UNCERTAINTY_ASSIGNED_CONTEXT ( ( #366 ) ) GLOBAL_UNIT_ASSIGNED_CONTEXT ( ( #802, #175, #405 ) ) REPRESENTATION_CONTEXT ( 'NONE', 'WORKASPACE' ) );
#594 = CARTESIAN_POINT ( 'NONE',  ( 0.000000000000000000, -0.5000000000000000000, 0.000000000000000000 ) ) ;
#595 = CARTESIAN_POINT ( 'NONE',  ( 0.000000000000000000, 9.509999999999999787, 3.500000000000000000 ) ) ;
#596 = DIRECTION ( 'NONE',  ( 0.8660254037844429265, 0.000000000000000000, -0.4999999999999925615 ) ) ;
#597 = ORIENTED_EDGE ( 'NONE', *, *, #1533, .F. ) ;
#598 = DIRECTION ( 'NONE',  ( -0.000000000000000000, -1.000000000000000000, -0.000000000000000000 ) ) ;
#599 = CIRCLE ( 'NONE', #813, 5.500000000000001776 ) ;
#600 = ORIENTED_EDGE ( 'NONE', *, *, #627, .F. ) ;
#601 = DIRECTION ( 'NONE',  ( -0.000000000000000000, 1.000000000000000000, -0.000000000000000000 ) ) ;
#602 =( LENGTH_UNIT ( ) NAMED_UNIT ( * ) SI_UNIT ( .MILLI., .METRE. ) );
#603 = CARTESIAN_POINT ( 'NONE',  ( -0.05128205128205156477, 9.509999999999999787, 3.833333333333333481 ) ) ;
#604 = DIRECTION ( 'NONE',  ( 0.000000000000000000, 0.000000000000000000, 1.000000000000000000 ) ) ;
#605 = MECHANICAL_DESIGN_GEOMETRIC_PRESENTATION_REPRESENTATION (  '', ( #69 ), #1012 ) ;
#606 =( GEOMETRIC_REPRESENTATION_CONTEXT ( 3 ) GLOBAL_UNCERTAINTY_ASSIGNED_CONTEXT ( ( #1323 ) ) GLOBAL_UNIT_ASSIGNED_CONTEXT ( ( #590, #959, #1462 ) ) REPRESENTATION_CONTEXT ( 'NONE', 'WORKASPACE' ) );
#607 = EDGE_CURVE ( 'NONE', #1034, #242, #1578, .T. ) ;
#608 = ORIENTED_EDGE ( 'NONE', *, *, #681, .F. ) ;
#609 = FILL_AREA_STYLE_COLOUR ( '', #237 ) ;
#610 = VERTEX_POINT ( 'NONE', #1561 ) ;
#611 = CARTESIAN_POINT ( 'NONE',  ( -2.000000000000000000, 0.000000000000000000, 5.656854249492380582 ) ) ;
#612 = DIRECTION ( 'NONE',  ( -0.000000000000000000, 1.000000000000000000, -0.000000000000000000 ) ) ;
#613 =( NAMED_UNIT ( * ) SI_UNIT ( $, .STERADIAN. ) SOLID_ANGLE_UNIT ( ) );
#614 = EDGE_CURVE ( 'NONE', #490, #451, #282, .T. ) ;
#615 = FILL_AREA_STYLE_COLOUR ( '', #42 ) ;
#616 = VERTEX_POINT ( 'NONE', #1458 ) ;
#617 = DIRECTION ( 'NONE',  ( -0.000000000000000000, 1.000000000000000000, -0.000000000000000000 ) ) ;
#618 =( GEOMETRIC_REPRESENTATION_CONTEXT ( 3 ) GLOBAL_UNCERTAINTY_ASSIGNED_CONTEXT ( ( #311 ) ) GLOBAL_UNIT_ASSIGNED_CONTEXT ( ( #1037, #1406, #1625 ) ) REPRESENTATION_CONTEXT ( 'NONE', 'WORKASPACE' ) );
#619 = EDGE_LOOP ( 'NONE', ( #1630, #145, #501, #1350, #834, #113, #1385, #906, #1500, #749, #1051, #227 ) ) ;
#620 = DIRECTION ( 'NONE',  ( -1.000000000000000000, 0.000000000000000000, -0.000000000000000000 ) ) ;
#621 = FILL_AREA_STYLE ('',( #1526 ) ) ;
#622 = DIRECTION ( 'NONE',  ( 0.000000000000000000, 0.000000000000000000, 1.000000000000000000 ) ) ;
#623 = STYLED_ITEM ( 'NONE', ( #199 ), #1407 ) ;
#624 = DIRECTION ( 'NONE',  ( 1.000000000000000000, 0.000000000000000000, 0.000000000000000000 ) ) ;
#625 = VERTEX_POINT ( 'NONE', #417 ) ;
#626 = ORIENTED_EDGE ( 'NONE', *, *, #529, .F. ) ;
#627 = EDGE_CURVE ( 'NONE', #1274, #1424, #957, .T. ) ;
#628 = VERTEX_POINT ( 'NONE', #557 ) ;
#629 = DIRECTION ( 'NONE',  ( -0.000000000000000000, 1.000000000000000000, -0.000000000000000000 ) ) ;
#630 = SURFACE_STYLE_USAGE ( .BOTH. , #474 ) ;
#631 = PLANE ( 'NONE',  #1393 ) ;
#632 =( LENGTH_UNIT ( ) NAMED_UNIT ( * ) SI_UNIT ( .MILLI., .METRE. ) );
#633 = LINE ( 'NONE', #128, #125 ) ;
#634 =( LENGTH_UNIT ( ) NAMED_UNIT ( * ) SI_UNIT ( .MILLI., .METRE. ) );
#635 = STYLED_ITEM ( 'NONE', ( #752 ), #308 ) ;
#636 = AXIS2_PLACEMENT_3D ( 'NONE', #1207, #700, #1229 ) ;
#637 = DIRECTION ( 'NONE',  ( -0.000000000000000000, 1.000000000000000000, -0.000000000000000000 ) ) ;
#638 = ORIENTED_EDGE ( 'NONE', *, *, #726, .F. ) ;
#639 =( GEOMETRIC_REPRESENTATION_CONTEXT ( 3 ) GLOBAL_UNCERTAINTY_ASSIGNED_CONTEXT ( ( #1146 ) ) GLOBAL_UNIT_ASSIGNED_CONTEXT ( ( #1569, #942, #38 ) ) REPRESENTATION_CONTEXT ( 'NONE', 'WORKASPACE' ) );
#640 = ORIENTED_EDGE ( 'NONE', *, *, #1658, .F. ) ;
#641 = VERTEX_POINT ( 'NONE', #178 ) ;
#642 = SURFACE_STYLE_FILL_AREA ( #751 ) ;
#643 = FACE_OUTER_BOUND ( 'NONE', #481, .T. ) ;
#644 =( GEOMETRIC_REPRESENTATION_CONTEXT ( 3 ) GLOBAL_UNCERTAINTY_ASSIGNED_CONTEXT ( ( #527 ) ) GLOBAL_UNIT_ASSIGNED_CONTEXT ( ( #634, #1646, #776 ) ) REPRESENTATION_CONTEXT ( 'NONE', 'WORKASPACE' ) );
#645 = UNCERTAINTY_MEASURE_WITH_UNIT (LENGTH_MEASURE( 1.000000000000000082E-05 ), #410, 'distance_accuracy_value', 'NONE');
#646 =( NAMED_UNIT ( * ) PLANE_ANGLE_UNIT ( ) SI_UNIT ( $, .RADIAN. ) );
#647 = VERTEX_POINT ( 'NONE', #305 ) ;
#648 = VERTEX_POINT ( 'NONE', #1317 ) ;
#649 = SURFACE_STYLE_FILL_AREA ( #252 ) ;
#650 = EDGE_CURVE ( 'NONE', #1123, #1093, #1334, .T. ) ;
#651 = AXIS2_PLACEMENT_3D ( 'NONE', #13, #534, #1048 ) ;
#652 = SURFACE_STYLE_USAGE ( .BOTH. , #900 ) ;
#653 = ADVANCED_FACE ( 'NONE', ( #822 ), #310, .T. ) ;
#654 = ADVANCED_FACE ( 'NONE', ( #1552 ), #1182, .T. ) ;
#655 = VECTOR ( 'NONE', #612, 1000.000000000000000 ) ;
#656 = ORIENTED_EDGE ( 'NONE', *, *, #525, .T. ) ;
#657 = VERTEX_POINT ( 'NONE', #1240 ) ;
#658 = SURFACE_STYLE_USAGE ( .BOTH. , #1162 ) ;
#659 = PRESENTATION_STYLE_ASSIGNMENT (( #1421 ) ) ;
#660 =( NAMED_UNIT ( * ) SI_UNIT ( $, .STERADIAN. ) SOLID_ANGLE_UNIT ( ) );
#661 = VERTEX_POINT ( 'NONE', #717 ) ;
#662 = CYLINDRICAL_SURFACE ( 'NONE', #831, 0.3000000000000003775 ) ;
#663 = MECHANICAL_DESIGN_GEOMETRIC_PRESENTATION_REPRESENTATION (  '', ( #710 ), #764 ) ;
#664 = ORIENTED_EDGE ( 'NONE', *, *, #339, .F. ) ;
#665 = SURFACE_SIDE_STYLE ('',( #549 ) ) ;
#666 = PLANE ( 'NONE',  #1483 ) ;
#667 = STYLED_ITEM ( 'NONE', ( #870 ), #436 ) ;
#668 = PRESENTATION_LAYER_ASSIGNMENT (  '', '', ( #309 ) ) ;
#669 = CARTESIAN_POINT ( 'NONE',  ( -5.898979485566355763, -0.5000000000000000000, -1.096376317177319537 ) ) ;
#670 = DIRECTION ( 'NONE',  ( -0.000000000000000000, 1.000000000000000000, -0.000000000000000000 ) ) ;
#671 =( NAMED_UNIT ( * ) PLANE_ANGLE_UNIT ( ) SI_UNIT ( $, .RADIAN. ) );
#672 = DIRECTION ( 'NONE',  ( 0.000000000000000000, -0.000000000000000000, 1.000000000000000000 ) ) ;
#673 = STYLED_ITEM ( 'NONE', ( #516 ), #1550 ) ;
#674 = FACE_OUTER_BOUND ( 'NONE', #1236, .T. ) ;
#675 = AXIS2_PLACEMENT_3D ( 'NONE', #793, #421, #37 ) ;
#676 = CIRCLE ( 'NONE', #374, 6.000000000000000888 ) ;
#677 = FACE_OUTER_BOUND ( 'NONE', #10, .T. ) ;
#678 = DIRECTION ( 'NONE',  ( 1.000000000000000000, 0.000000000000000000, 0.000000000000000000 ) ) ;
#679 = PRESENTATION_LAYER_ASSIGNMENT (  '', '', ( #978 ) ) ;
#680 = DIRECTION ( 'NONE',  ( 0.000000000000000000, -1.000000000000000000, 0.000000000000000000 ) ) ;
#681 = EDGE_CURVE ( 'NONE', #1395, #616, #709, .T. ) ;
#682 =( LENGTH_UNIT ( ) NAMED_UNIT ( * ) SI_UNIT ( .MILLI., .METRE. ) );
#683 = VECTOR ( 'NONE', #979, 1000.000000000000000 ) ;
#684 = SURFACE_SIDE_STYLE ('',( #165 ) ) ;
#685 = FACE_OUTER_BOUND ( 'NONE', #1659, .T. ) ;
#686 = PRESENTATION_STYLE_ASSIGNMENT (( #1080 ) ) ;
#687 =( NAMED_UNIT ( * ) SI_UNIT ( $, .STERADIAN. ) SOLID_ANGLE_UNIT ( ) );
#689 = MECHANICAL_DESIGN_GEOMETRIC_PRESENTATION_REPRESENTATION (  '', ( #465 ), #639 ) ;
#688 = CARTESIAN_POINT ( 'NONE',  ( 0.000000000000000000, 9.509999999999999787, 4.300000000000000711 ) ) ;
#690 = VECTOR ( 'NONE', #584, 1000.000000000000000 ) ;
#691 = LINE ( 'NONE', #1311, #335 ) ;
#692 = UNCERTAINTY_MEASURE_WITH_UNIT (LENGTH_MEASURE( 1.000000000000000082E-05 ), #1030, 'distance_accuracy_value', 'NONE');
#693 = CARTESIAN_POINT ( 'NONE',  ( -5.898979485566355763, -0.5000000000000000000, -1.096376317177319537 ) ) ;
#694 = FACE_OUTER_BOUND ( 'NONE', #841, .T. ) ;
#695 = FILL_AREA_STYLE_COLOUR ( '', #767 ) ;
#696 = EDGE_CURVE ( 'NONE', #616, #1, #1085, .T. ) ;
#697 = FILL_AREA_STYLE_COLOUR ( '', #1106 ) ;
#698 = EDGE_CURVE ( 'NONE', #1149, #1424, #210, .T. ) ;
#699 = PRESENTATION_LAYER_ASSIGNMENT (  '', '', ( #1416 ) ) ;
#700 = DIRECTION ( 'NONE',  ( -0.000000000000000000, -1.000000000000000000, -0.000000000000000000 ) ) ;
#701 = COLOUR_RGB ( '',0.2509803921568627416, 0.2509803921568627416, 0.2509803921568627416 ) ;
#702 = ORIENTED_EDGE ( 'NONE', *, *, #55, .F. ) ;
#703 = DIRECTION ( 'NONE',  ( -1.000000000000000000, 0.000000000000000000, 0.000000000000000000 ) ) ;
#704 = VERTEX_POINT ( 'NONE', #65 ) ;
#705 =( NAMED_UNIT ( * ) SI_UNIT ( $, .STERADIAN. ) SOLID_ANGLE_UNIT ( ) );
#706 = CARTESIAN_POINT ( 'NONE',  ( 3.898979485566439696, 0.000000000000000000, -4.560477932314997318 ) ) ;
#707 = COLOUR_RGB ( '',0.2509803921568627416, 0.2509803921568627416, 0.2509803921568627416 ) ;
#708 = VERTEX_POINT ( 'NONE', #203 ) ;
#709 = LINE ( 'NONE', #89, #4 ) ;
#710 = STYLED_ITEM ( 'NONE', ( #1049 ), #1122 ) ;
#711 = COLOUR_RGB ( '',0.5019607843137254832, 0.5019607843137254832, 0.5019607843137254832 ) ;
#712 = STYLED_ITEM ( 'NONE', ( #1125 ), #292 ) ;
#713 = LINE ( 'NONE', #1588, #1170 ) ;
#714 = EDGE_LOOP ( 'NONE', ( #132 ) ) ;
#715 = FACE_OUTER_BOUND ( 'NONE', #1631, .T. ) ;
#716 = VECTOR ( 'NONE', #1529, 1000.000000000000114 ) ;
#717 = CARTESIAN_POINT ( 'NONE',  ( -3.898979485566352210, 0.000000000000000000, -4.560477932315072813 ) ) ;
#718 = DIRECTION ( 'NONE',  ( 0.000000000000000000, 1.000000000000000000, -0.000000000000000000 ) ) ;
#719 = FACE_OUTER_BOUND ( 'NONE', #497, .T. ) ;
#720 = AXIS2_PLACEMENT_3D ( 'NONE', #382, #1398, #774 ) ;
#721 = PRESENTATION_STYLE_ASSIGNMENT (( #1582 ) ) ;
#722 = ORIENTED_EDGE ( 'NONE', *, *, #82, .F. ) ;
#723 =( NAMED_UNIT ( * ) PLANE_ANGLE_UNIT ( ) SI_UNIT ( $, .RADIAN. ) );
#724 = COLOUR_RGB ( '',0.2509803921568627416, 0.2509803921568627416, 0.2509803921568627416 ) ;
#725 = CARTESIAN_POINT ( 'NONE',  ( -0.3461538461538465339, 9.509999999999999787, 3.538461538461538325 ) ) ;
#726 = EDGE_CURVE ( 'NONE', #968, #1123, #1581, .T. ) ;
#727 = AXIS2_PLACEMENT_3D ( 'NONE', #890, #762, #772 ) ;
#728 = PLANE ( 'NONE',  #324 ) ;
#729 = EDGE_LOOP ( 'NONE', ( #1285, #377, #1027, #1477 ) ) ;
#730 = FACE_OUTER_BOUND ( 'NONE', #729, .T. ) ;
#731 = VECTOR ( 'NONE', #544, 1000.000000000000000 ) ;
#732 = ORIENTED_EDGE ( 'NONE', *, *, #1354, .F. ) ;
#733 = DIRECTION ( 'NONE',  ( 0.000000000000000000, 0.000000000000000000, -1.000000000000000000 ) ) ;
#734 = PLANE ( 'NONE',  #1144 ) ;
#735 = EDGE_CURVE ( 'NONE', #759, #1589, #1113, .T. ) ;
#736 =( LENGTH_UNIT ( ) NAMED_UNIT ( * ) SI_UNIT ( .MILLI., .METRE. ) );
#737 = SURFACE_SIDE_STYLE ('',( #972 ) ) ;
#738 = COLOUR_RGB ( '',0.2509803921568627416, 0.2509803921568627416, 0.2509803921568627416 ) ;
#739 =( NAMED_UNIT ( * ) PLANE_ANGLE_UNIT ( ) SI_UNIT ( $, .RADIAN. ) );
#740 = COLOUR_RGB ( '',0.2509803921568627416, 0.2509803921568627416, 0.2509803921568627416 ) ;
#741 = ORIENTED_EDGE ( 'NONE', *, *, #681, .T. ) ;
#742 = SURFACE_SIDE_STYLE ('',( #1087 ) ) ;
#743 =( LENGTH_UNIT ( ) NAMED_UNIT ( * ) SI_UNIT ( .MILLI., .METRE. ) );
#744 = FILL_AREA_STYLE_COLOUR ( '', #68 ) ;
#745 = PRESENTATION_STYLE_ASSIGNMENT (( #222 ) ) ;
#746 = PLANE ( 'NONE',  #1115 ) ;
#747 = ORIENTED_EDGE ( 'NONE', *, *, #851, .F. ) ;
#748 = LINE ( 'NONE', #1121, #1577 ) ;
#749 = ORIENTED_EDGE ( 'NONE', *, *, #197, .F. ) ;
#750 = CARTESIAN_POINT ( 'NONE',  ( -3.437059837324712319, -0.5000000000000000000, -4.293788499058778463 ) ) ;
#751 = FILL_AREA_STYLE ('',( #609 ) ) ;
#752 = PRESENTATION_STYLE_ASSIGNMENT (( #882 ) ) ;
#753 = FILL_AREA_STYLE ('',( #402 ) ) ;
#754 = DIRECTION ( 'NONE',  ( 0.000000000000000000, 1.000000000000000000, 0.000000000000000000 ) ) ;
#755 = MECHANICAL_DESIGN_GEOMETRIC_PRESENTATION_REPRESENTATION (  '', ( #623 ), #1419 ) ;
#756 = VECTOR ( 'NONE', #1429, 999.9999999999998863 ) ;
#757 = UNCERTAINTY_MEASURE_WITH_UNIT (LENGTH_MEASURE( 1.000000000000000082E-05 ), #323, 'distance_accuracy_value', 'NONE');
#758 =( LENGTH_UNIT ( ) NAMED_UNIT ( * ) SI_UNIT ( .MILLI., .METRE. ) );
#759 = VERTEX_POINT ( 'NONE', #460 ) ;
#760 = EDGE_LOOP ( 'NONE', ( #702 ) ) ;
#761 = SURFACE_STYLE_USAGE ( .BOTH. , #2 ) ;
#762 = DIRECTION ( 'NONE',  ( -0.000000000000000000, 1.000000000000000000, -0.000000000000000000 ) ) ;
#763 = EDGE_CURVE ( 'NONE', #1149, #647, #599, .T. ) ;
#764 =( GEOMETRIC_REPRESENTATION_CONTEXT ( 3 ) GLOBAL_UNCERTAINTY_ASSIGNED_CONTEXT ( ( #806 ) ) GLOBAL_UNIT_ASSIGNED_CONTEXT ( ( #1171, #671, #1301 ) ) REPRESENTATION_CONTEXT ( 'NONE', 'WORKASPACE' ) );
#765 =( NAMED_UNIT ( * ) PLANE_ANGLE_UNIT ( ) SI_UNIT ( $, .RADIAN. ) );
#766 = EDGE_CURVE ( 'NONE', #93, #868, #1600, .T. ) ;
#767 = COLOUR_RGB ( '',0.2509803921568627416, 0.2509803921568627416, 0.2509803921568627416 ) ;
#768 = ORIENTED_EDGE ( 'NONE', *, *, #1084, .T. ) ;
#769 = VERTEX_POINT ( 'NONE', #1124 ) ;
#770 = PRESENTATION_STYLE_ASSIGNMENT (( #1133 ) ) ;
#771 = EDGE_CURVE ( 'NONE', #250, #1180, #81, .T. ) ;
#772 = DIRECTION ( 'NONE',  ( 0.000000000000000000, 0.000000000000000000, 1.000000000000000000 ) ) ;
#773 = VECTOR ( 'NONE', #70, 1000.000000000000000 ) ;
#774 = DIRECTION ( 'NONE',  ( 0.000000000000000000, 0.000000000000000000, -1.000000000000000000 ) ) ;
#775 = EDGE_CURVE ( 'NONE', #530, #1180, #316, .T. ) ;
#776 =( NAMED_UNIT ( * ) SI_UNIT ( $, .STERADIAN. ) SOLID_ANGLE_UNIT ( ) );
#777 = SURFACE_STYLE_USAGE ( .BOTH. , #18 ) ;
#778 = ORIENTED_EDGE ( 'NONE', *, *, #82, .T. ) ;
#779 = VERTEX_POINT ( 'NONE', #1480 ) ;
#780 = DIRECTION ( 'NONE',  ( -0.000000000000000000, -1.000000000000000000, -0.000000000000000000 ) ) ;
#781 = CARTESIAN_POINT ( 'NONE',  ( 0.03846153846153821387, 9.509999999999999787, 3.448717948717948900 ) ) ;
#782 = VECTOR ( 'NONE', #807, 1000.000000000000000 ) ;
#783 = ADVANCED_FACE ( 'NONE', ( #1626 ), #67, .T. ) ;
#784 = AXIS2_PLACEMENT_3D ( 'NONE', #1389, #880, #620 ) ;
#785 = ORIENTED_EDGE ( 'NONE', *, *, #1103, .T. ) ;
#786 = CARTESIAN_POINT ( 'NONE',  ( 0.000000000000000000, -0.5000000000000000000, 0.000000000000000000 ) ) ;
#787 = ORIENTED_EDGE ( 'NONE', *, *, #8, .F. ) ;
#788 = DIRECTION ( 'NONE',  ( 0.000000000000000000, 0.000000000000000000, -1.000000000000000000 ) ) ;
#789 =( GEOMETRIC_REPRESENTATION_CONTEXT ( 3 ) GLOBAL_UNCERTAINTY_ASSIGNED_CONTEXT ( ( #645 ) ) GLOBAL_UNIT_ASSIGNED_CONTEXT ( ( #410, #800, #1305 ) ) REPRESENTATION_CONTEXT ( 'NONE', 'WORKASPACE' ) );
#790 = ADVANCED_FACE ( 'NONE', ( #1107 ), #29, .T. ) ;
#791 = CIRCLE ( 'NONE', #414, 6.000000000000000888 ) ;
#792 = EDGE_LOOP ( 'NONE', ( #1128 ) ) ;
#793 = CARTESIAN_POINT ( 'NONE',  ( 0.000000000000000000, 0.000000000000000000, 3.799999999999999822 ) ) ;
#794 = STYLED_ITEM ( 'NONE', ( #1654 ), #480 ) ;
#795 = AXIS2_PLACEMENT_3D ( 'NONE', #1101, #1614, #64 ) ;
#796 = DIRECTION ( 'NONE',  ( 0.000000000000000000, 0.000000000000000000, 1.000000000000000000 ) ) ;
#797 = DIRECTION ( 'NONE',  ( -0.000000000000000000, -1.000000000000000000, -0.000000000000000000 ) ) ;
#798 = SURFACE_SIDE_STYLE ('',( #944 ) ) ;
#799 = EDGE_CURVE ( 'NONE', #625, #1589, #1078, .T. ) ;
#800 =( NAMED_UNIT ( * ) PLANE_ANGLE_UNIT ( ) SI_UNIT ( $, .RADIAN. ) );
#801 = CARTESIAN_POINT ( 'NONE',  ( -0.3461538461538465339, 9.500000000000000000, 3.448717948717948900 ) ) ;
#802 =( LENGTH_UNIT ( ) NAMED_UNIT ( * ) SI_UNIT ( .MILLI., .METRE. ) );
#803 = FILL_AREA_STYLE_COLOUR ( '', #1199 ) ;
#804 =( NAMED_UNIT ( * ) PLANE_ANGLE_UNIT ( ) SI_UNIT ( $, .RADIAN. ) );
#805 = VECTOR ( 'NONE', #1055, 1000.000000000000000 ) ;
#806 = UNCERTAINTY_MEASURE_WITH_UNIT (LENGTH_MEASURE( 1.000000000000000082E-05 ), #1171, 'distance_accuracy_value', 'NONE');
#807 = DIRECTION ( 'NONE',  ( 0.000000000000000000, 0.000000000000000000, -1.000000000000000000 ) ) ;
#808 = AXIS2_PLACEMENT_3D ( 'NONE', #272, #39, #796 ) ;
#809 = FACE_OUTER_BOUND ( 'NONE', #11, .T. ) ;
#810 = CARTESIAN_POINT ( 'NONE',  ( 0.000000000000000000, 9.500000000000000000, 6.000000000000000888 ) ) ;
#811 =( NAMED_UNIT ( * ) SI_UNIT ( $, .STERADIAN. ) SOLID_ANGLE_UNIT ( ) );
#812 = LINE ( 'NONE', #170, #1538 ) ;
#813 = AXIS2_PLACEMENT_3D ( 'NONE', #1472, #587, #733 ) ;
#814 = EDGE_CURVE ( 'NONE', #1180, #1388, #1423, .T. ) ;
#815 = DIRECTION ( 'NONE',  ( 0.000000000000000000, -1.000000000000000000, 0.000000000000000000 ) ) ;
#816 = SURFACE_STYLE_USAGE ( .BOTH. , #1414 ) ;
#817 = SURFACE_STYLE_USAGE ( .BOTH. , #1598 ) ;
#818 = PRESENTATION_LAYER_ASSIGNMENT (  '', '', ( #69 ) ) ;
#820 = AXIS2_PLACEMENT_3D ( 'NONE', #576, #1341, #1091 ) ;
#819 = APPLICATION_PROTOCOL_DEFINITION ( 'draft international standard', 'automotive_design', 1998, #877 ) ;
#821 = ADVANCED_FACE ( 'NONE', ( #231 ), #631, .T. ) ;
#822 = FACE_OUTER_BOUND ( 'NONE', #1284, .T. ) ;
#823 = SURFACE_STYLE_FILL_AREA ( #1197 ) ;
#824 = AXIS2_PLACEMENT_3D ( 'NONE', #1440, #946, #179 ) ;
#825 = ORIENTED_EDGE ( 'NONE', *, *, #140, .T. ) ;
#826 = FACE_OUTER_BOUND ( 'NONE', #239, .T. ) ;
#827 = CARTESIAN_POINT ( 'NONE',  ( 0.000000000000000000, -5.500000000000000000, 3.500000000000000000 ) ) ;
#828 = DIRECTION ( 'NONE',  ( 1.000000000000000000, 0.000000000000000000, -0.000000000000000000 ) ) ;
#829 = SURFACE_SIDE_STYLE ('',( #158 ) ) ;
#830 = MECHANICAL_DESIGN_GEOMETRIC_PRESENTATION_REPRESENTATION (  '', ( #1265 ), #106 ) ;
#831 = AXIS2_PLACEMENT_3D ( 'NONE', #925, #670, #46 ) ;
#832 = LINE ( 'NONE', #1221, #773 ) ;
#833 = AXIS2_PLACEMENT_3D ( 'NONE', #344, #118, #988 ) ;
#834 = ORIENTED_EDGE ( 'NONE', *, *, #1410, .F. ) ;
#835 = FILL_AREA_STYLE ('',( #695 ) ) ;
#836 = VECTOR ( 'NONE', #424, 1000.000000000000000 ) ;
#837 = SURFACE_STYLE_FILL_AREA ( #483 ) ;
#838 = FILL_AREA_STYLE ('',( #993 ) ) ;
#839 = SURFACE_SIDE_STYLE ('',( #326 ) ) ;
#840 = PRODUCT ( 'buzzer-5V', 'buzzer-5V', '', ( #1329 ) ) ;
#841 = EDGE_LOOP ( 'NONE', ( #380, #608, #852, #196 ) ) ;
#842 = FACE_OUTER_BOUND ( 'NONE', #23, .T. ) ;
#843 = VECTOR ( 'NONE', #1596, 1000.000000000000000 ) ;
#844 =( GEOMETRIC_REPRESENTATION_CONTEXT ( 3 ) GLOBAL_UNCERTAINTY_ASSIGNED_CONTEXT ( ( #54 ) ) GLOBAL_UNIT_ASSIGNED_CONTEXT ( ( #58, #723, #1584 ) ) REPRESENTATION_CONTEXT ( 'NONE', 'WORKASPACE' ) );
#845 = CIRCLE ( 'NONE', #284, 5.500000000000001776 ) ;
#846 = CIRCLE ( 'NONE', #1482, 5.500000000000002665 ) ;
#847 = SURFACE_STYLE_USAGE ( .BOTH. , #839 ) ;
#848 = ORIENTED_EDGE ( 'NONE', *, *, #766, .F. ) ;
#849 = EDGE_CURVE ( 'NONE', #102, #351, #1540, .T. ) ;
#850 = DIRECTION ( 'NONE',  ( 0.000000000000000000, -0.000000000000000000, -1.000000000000000000 ) ) ;
#851 = EDGE_CURVE ( 'NONE', #1034, #968, #142, .T. ) ;
#852 = ORIENTED_EDGE ( 'NONE', *, *, #100, .F. ) ;
#853 = FILL_AREA_STYLE ('',( #579 ) ) ;
#854 = FACE_BOUND ( 'NONE', #1377, .T. ) ;
#855 = AXIS2_PLACEMENT_3D ( 'NONE', #943, #303, #1465 ) ;
#856 = SURFACE_STYLE_FILL_AREA ( #1375 ) ;
#857 = ORIENTED_EDGE ( 'NONE', *, *, #525, .F. ) ;
#858 = DIRECTION ( 'NONE',  ( 0.000000000000000000, 0.000000000000000000, 1.000000000000000000 ) ) ;
#859 = ORIENTED_EDGE ( 'NONE', *, *, #999, .F. ) ;
#860 = MECHANICAL_DESIGN_GEOMETRIC_PRESENTATION_REPRESENTATION (  '', ( #1132 ), #454 ) ;
#861 = DIRECTION ( 'NONE',  ( 0.000000000000000000, -0.000000000000000000, 1.000000000000000000 ) ) ;
#862 = LINE ( 'NONE', #603, #1546 ) ;
#863 = FACE_BOUND ( 'NONE', #188, .T. ) ;
#864 = MECHANICAL_DESIGN_GEOMETRIC_PRESENTATION_REPRESENTATION (  '', ( #978 ), #432 ) ;
#865 = FILL_AREA_STYLE_COLOUR ( '', #1223 ) ;
#866 = EDGE_LOOP ( 'NONE', ( #241 ) ) ;
#867 = AXIS2_PLACEMENT_3D ( 'NONE', #1467, #300, #437 ) ;
#868 = VERTEX_POINT ( 'NONE', #1193 ) ;
#869 = DIRECTION ( 'NONE',  ( 0.000000000000000000, -1.000000000000000000, 0.000000000000000000 ) ) ;
#870 = PRESENTATION_STYLE_ASSIGNMENT (( #200 ) ) ;
#871 = VECTOR ( 'NONE', #911, 1000.000000000000114 ) ;
#872 = AXIS2_PLACEMENT_3D ( 'NONE', #1104, #476, #596 ) ;
#873 = CIRCLE ( 'NONE', #636, 0.8000000000000008216 ) ;
#874 = AXIS2_PLACEMENT_3D ( 'NONE', #1585, #965, #425 ) ;
#875 = ORIENTED_EDGE ( 'NONE', *, *, #140, .F. ) ;
#876 = CARTESIAN_POINT ( 'NONE',  ( 0.03846153846153821387, 9.500000000000000000, 3.448717948717948900 ) ) ;
#877 = APPLICATION_CONTEXT ( 'automotive_design' ) ;
#878 = ORIENTED_EDGE ( 'NONE', *, *, #35, .F. ) ;
#879 = ORIENTED_EDGE ( 'NONE', *, *, #607, .T. ) ;
#880 = DIRECTION ( 'NONE',  ( 0.000000000000000000, 0.000000000000000000, -1.000000000000000000 ) ) ;
#881 = CARTESIAN_POINT ( 'NONE',  ( 0.000000000000000000, -0.5000000000000000000, 0.000000000000000000 ) ) ;
#882 = SURFACE_STYLE_USAGE ( .BOTH. , #361 ) ;
#883 = PLANE ( 'NONE',  #867 ) ;
#884 = SURFACE_SIDE_STYLE ('',( #213 ) ) ;
#885 = SURFACE_STYLE_FILL_AREA ( #1022 ) ;
#886 = DIRECTION ( 'NONE',  ( 0.000000000000000000, 0.000000000000000000, 1.000000000000000000 ) ) ;
#887 = ORIENTED_EDGE ( 'NONE', *, *, #1528, .F. ) ;
#888 = AXIS2_PLACEMENT_3D ( 'NONE', #244, #797, #254 ) ;
#889 = EDGE_LOOP ( 'NONE', ( #905, #1160, #991, #1299 ) ) ;
#890 = CARTESIAN_POINT ( 'NONE',  ( 0.000000000000000000, -0.5000000000000000000, 0.000000000000000000 ) ) ;
#891 = PRESENTATION_LAYER_ASSIGNMENT (  '', '', ( #236 ) ) ;
#892 = CARTESIAN_POINT ( 'NONE',  ( 0.03846153846153821387, 9.509999999999999787, 3.538461538461538325 ) ) ;
#893 = MECHANICAL_DESIGN_GEOMETRIC_PRESENTATION_REPRESENTATION (  '', ( #401 ), #1629 ) ;
#894 = FILL_AREA_STYLE_COLOUR ( '', #1509 ) ;
#895 = AXIS2_PLACEMENT_3D ( 'NONE', #1439, #672, #828 ) ;
#896 = SURFACE_SIDE_STYLE ('',( #856 ) ) ;
#897 = VERTEX_POINT ( 'NONE', #9 ) ;
#898 = EDGE_LOOP ( 'NONE', ( #875, #327, #990, #472 ) ) ;
#899 = FILL_AREA_STYLE_COLOUR ( '', #186 ) ;
#900 = SURFACE_SIDE_STYLE ('',( #1293 ) ) ;
#901 = CARTESIAN_POINT ( 'NONE',  ( 0.000000000000000000, 9.509999999999999787, 0.000000000000000000 ) ) ;
#902 = SURFACE_STYLE_FILL_AREA ( #383 ) ;
#903 = MECHANICAL_DESIGN_GEOMETRIC_PRESENTATION_REPRESENTATION (  '', ( #330 ), #1066 ) ;
#904 = PRESENTATION_STYLE_ASSIGNMENT (( #777 ) ) ;
#905 = ORIENTED_EDGE ( 'NONE', *, *, #814, .F. ) ;
#906 = ORIENTED_EDGE ( 'NONE', *, *, #376, .F. ) ;
#907 = FILL_AREA_STYLE_COLOUR ( '', #724 ) ;
#908 = PRESENTATION_STYLE_ASSIGNMENT (( #397 ) ) ;
#909 = EDGE_CURVE ( 'NONE', #1306, #759, #393, .T. ) ;
#910 = FILL_AREA_STYLE_COLOUR ( '', #589 ) ;
#911 = DIRECTION ( 'NONE',  ( 0.8660254037844344888, 0.000000000000000000, 0.5000000000000069944 ) ) ;
#912 = DIRECTION ( 'NONE',  ( -0.8660254037844351549, 0.000000000000000000, -0.5000000000000059952 ) ) ;
#913 = SURFACE_SIDE_STYLE ('',( #923 ) ) ;
#914 = ORIENTED_EDGE ( 'NONE', *, *, #931, .F. ) ;
#915 = ORIENTED_EDGE ( 'NONE', *, *, #1565, .F. ) ;
#916 = ADVANCED_FACE ( 'NONE', ( #677 ), #883, .F. ) ;
#917 = SURFACE_STYLE_USAGE ( .BOTH. , #1081 ) ;
#918 =( LENGTH_UNIT ( ) NAMED_UNIT ( * ) SI_UNIT ( .MILLI., .METRE. ) );
#919 = DIRECTION ( 'NONE',  ( 0.000000000000000000, -1.000000000000000000, 0.000000000000000000 ) ) ;
#920 = COLOUR_RGB ( '',0.2509803921568627416, 0.2509803921568627416, 0.2509803921568627416 ) ;
#921 = LINE ( 'NONE', #149, #716 ) ;
#922 = VECTOR ( 'NONE', #98, 1000.000000000000000 ) ;
#923 = SURFACE_STYLE_FILL_AREA ( #753 ) ;
#924 = EDGE_LOOP ( 'NONE', ( #1463, #1637, #331, #1222 ) ) ;
#925 = CARTESIAN_POINT ( 'NONE',  ( 0.000000000000000000, -5.500000000000000000, 3.799999999999999822 ) ) ;
#926 =( NAMED_UNIT ( * ) SI_UNIT ( $, .STERADIAN. ) SOLID_ANGLE_UNIT ( ) );
#927 = PRESENTATION_STYLE_ASSIGNMENT (( #652 ) ) ;
#928 = CARTESIAN_POINT ( 'NONE',  ( 0.03846153846153821387, 9.509999999999999787, 3.538461538461538325 ) ) ;
#929 =( GEOMETRIC_REPRESENTATION_CONTEXT ( 3 ) GLOBAL_UNCERTAINTY_ASSIGNED_CONTEXT ( ( #246 ) ) GLOBAL_UNIT_ASSIGNED_CONTEXT ( ( #1043, #44, #1433 ) ) REPRESENTATION_CONTEXT ( 'NONE', 'WORKASPACE' ) );
#930 =( LENGTH_UNIT ( ) NAMED_UNIT ( * ) SI_UNIT ( .MILLI., .METRE. ) );
#931 = EDGE_CURVE ( 'NONE', #641, #96, #713, .T. ) ;
#932 = AXIS2_PLACEMENT_3D ( 'NONE', #400, #1032, #912 ) ;
#933 = DIRECTION ( 'NONE',  ( 0.000000000000000000, 0.000000000000000000, -1.000000000000000000 ) ) ;
#934 = PRESENTATION_LAYER_ASSIGNMENT (  '', '', ( #794 ) ) ;
#935 = PRESENTATION_LAYER_ASSIGNMENT (  '', '', ( #1479 ) ) ;
#936 = DIRECTION ( 'NONE',  ( 1.000000000000000000, 0.000000000000000000, 0.000000000000000000 ) ) ;
#937 = CARTESIAN_POINT ( 'NONE',  ( 0.000000000000000000, 0.000000000000000000, 4.100000000000000533 ) ) ;
#938 = FILL_AREA_STYLE ('',( #1331 ) ) ;
#939 =( GEOMETRIC_REPRESENTATION_CONTEXT ( 3 ) GLOBAL_UNCERTAINTY_ASSIGNED_CONTEXT ( ( #1382 ) ) GLOBAL_UNIT_ASSIGNED_CONTEXT ( ( #1038, #1391, #1281 ) ) REPRESENTATION_CONTEXT ( 'NONE', 'WORKASPACE' ) );
#940 = DIRECTION ( 'NONE',  ( 1.000000000000000000, 0.000000000000000000, 0.000000000000000000 ) ) ;
#941 = DIRECTION ( 'NONE',  ( 0.000000000000000000, 1.000000000000000000, 0.000000000000000000 ) ) ;
#942 =( NAMED_UNIT ( * ) PLANE_ANGLE_UNIT ( ) SI_UNIT ( $, .RADIAN. ) );
#943 = CARTESIAN_POINT ( 'NONE',  ( 0.000000000000000000, 0.000000000000000000, 0.000000000000000000 ) ) ;
#944 = SURFACE_STYLE_FILL_AREA ( #938 ) ;
#945 = COLOUR_RGB ( '',0.2509803921568627416, 0.2509803921568627416, 0.2509803921568627416 ) ;
#946 = DIRECTION ( 'NONE',  ( -0.4999999999999943379, 0.000000000000000000, -0.8660254037844420383 ) ) ;
#947 = UNCERTAINTY_MEASURE_WITH_UNIT (LENGTH_MEASURE( 1.000000000000000082E-05 ), #682, 'distance_accuracy_value', 'NONE');
#948 = EDGE_CURVE ( 'NONE', #351, #661, #575, .T. ) ;
#949 = VECTOR ( 'NONE', #228, 1000.000000000000000 ) ;
#950 = PLANE ( 'NONE',  #820 ) ;
#951 = EDGE_CURVE ( 'NONE', #769, #337, #62, .T. ) ;
#952 = FACE_OUTER_BOUND ( 'NONE', #760, .T. ) ;
#953 = AXIS2_PLACEMENT_3D ( 'NONE', #1102, #447, #75 ) ;
#954 = DIRECTION ( 'NONE',  ( 0.000000000000000000, 0.000000000000000000, 1.000000000000000000 ) ) ;
#955 = SURFACE_STYLE_USAGE ( .BOTH. , #1061 ) ;
#956 = VERTEX_POINT ( 'NONE', #688 ) ;
#957 = LINE ( 'NONE', #51, #756 ) ;
#958 = SURFACE_STYLE_FILL_AREA ( #433 ) ;
#959 =( NAMED_UNIT ( * ) PLANE_ANGLE_UNIT ( ) SI_UNIT ( $, .RADIAN. ) );
#960 = ORIENTED_EDGE ( 'NONE', *, *, #1077, .T. ) ;
#961 =( LENGTH_UNIT ( ) NAMED_UNIT ( * ) SI_UNIT ( .MILLI., .METRE. ) );
#962 = VECTOR ( 'NONE', #1408, 999.9999999999998863 ) ;
#964 = STYLED_ITEM ( 'NONE', ( #1622 ), #1090 ) ;
#963 = VERTEX_POINT ( 'NONE', #565 ) ;
#965 = DIRECTION ( 'NONE',  ( -0.000000000000000000, 1.000000000000000000, -0.000000000000000000 ) ) ;
#966 = UNCERTAINTY_MEASURE_WITH_UNIT (LENGTH_MEASURE( 1.000000000000000082E-05 ), #168, 'distance_accuracy_value', 'NONE');
#967 = VECTOR ( 'NONE', #387, 1000.000000000000000 ) ;
#968 = VERTEX_POINT ( 'NONE', #693 ) ;
#969 = EDGE_CURVE ( 'NONE', #1195, #1195, #873, .T. ) ;
#970 = APPLICATION_CONTEXT ( 'automotive_design' ) ;
#971 = CARTESIAN_POINT ( 'NONE',  ( 0.3333333333333330373, 9.509999999999999787, 3.538461538461538325 ) ) ;
#972 = SURFACE_STYLE_FILL_AREA ( #1362 ) ;
#973 = CIRCLE ( 'NONE', #568, 1.300000000000000044 ) ;
#974 = LINE ( 'NONE', #443, #172 ) ;
#975 = VECTOR ( 'NONE', #225, 1000.000000000000000 ) ;
#976 = ORIENTED_EDGE ( 'NONE', *, *, #173, .T. ) ;
#977 = CARTESIAN_POINT ( 'NONE',  ( 5.898979485566357539, 0.000000000000000000, -1.096376317177308435 ) ) ;
#978 = STYLED_ITEM ( 'NONE', ( #3 ), #562 ) ;
#979 = DIRECTION ( 'NONE',  ( -0.000000000000000000, -1.000000000000000000, -0.000000000000000000 ) ) ;
#980 = EDGE_CURVE ( 'NONE', #968, #657, #974, .T. ) ;
#981 = PRESENTATION_LAYER_ASSIGNMENT (  '', '', ( #1531 ) ) ;
#982 = FACE_OUTER_BOUND ( 'NONE', #1522, .T. ) ;
#983 = ORIENTED_EDGE ( 'NONE', *, *, #1237, .F. ) ;
#984 = DIRECTION ( 'NONE',  ( 0.000000000000000000, -1.000000000000000000, 0.000000000000000000 ) ) ;
#985 = CARTESIAN_POINT ( 'NONE',  ( -0.05128205128205156477, 9.509999999999999787, 3.538461538461538325 ) ) ;
#986 =( NAMED_UNIT ( * ) SI_UNIT ( $, .STERADIAN. ) SOLID_ANGLE_UNIT ( ) );
#987 = COLOUR_RGB ( '',0.2509803921568627416, 0.2509803921568627416, 0.2509803921568627416 ) ;
#988 = DIRECTION ( 'NONE',  ( 0.8660254037844344888, 0.000000000000000000, 0.5000000000000072164 ) ) ;
#989 = CIRCLE ( 'NONE', #1431, 6.000000000000000888 ) ;
#990 = ORIENTED_EDGE ( 'NONE', *, *, #187, .T. ) ;
#991 = ORIENTED_EDGE ( 'NONE', *, *, #197, .T. ) ;
#992 = DIRECTION ( 'NONE',  ( 0.000000000000000000, 0.000000000000000000, 1.000000000000000000 ) ) ;
#993 = FILL_AREA_STYLE_COLOUR ( '', #738 ) ;
#994 = ADVANCED_FACE ( 'NONE', ( #569, #982 ), #950, .T. ) ;
#995 = FACE_OUTER_BOUND ( 'NONE', #1276, .T. ) ;
#996 = ORIENTED_EDGE ( 'NONE', *, *, #1442, .F. ) ;
#997 = DIRECTION ( 'NONE',  ( 1.000000000000000000, 0.000000000000000000, 0.000000000000000000 ) ) ;
#998 = COLOUR_RGB ( '',0.2509803921568627416, 0.2509803921568627416, 0.2509803921568627416 ) ;
#999 = EDGE_CURVE ( 'NONE', #1306, #625, #832, .T. ) ;
#1000 = ORIENTED_EDGE ( 'NONE', *, *, #1291, .T. ) ;
#1001 = VECTOR ( 'NONE', #780, 1000.000000000000000 ) ;
#1002 = SURFACE_STYLE_USAGE ( .BOTH. , #1247 ) ;
#1003 = FACE_OUTER_BOUND ( 'NONE', #1650, .T. ) ;
#1004 = EDGE_CURVE ( 'NONE', #93, #769, #582, .T. ) ;
#1005 = LINE ( 'NONE', #1516, #315 ) ;
#1006 = ORIENTED_EDGE ( 'NONE', *, *, #1349, .F. ) ;
#1007 = VECTOR ( 'NONE', #1572, 1000.000000000000000 ) ;
#1008 = EDGE_LOOP ( 'NONE', ( #314, #1394, #320, #520 ) ) ;
#1009 = SURFACE_SIDE_STYLE ('',( #491 ) ) ;
#1010 = FILL_AREA_STYLE_COLOUR ( '', #1068 ) ;
#1011 = CYLINDRICAL_SURFACE ( 'NONE', #1227, 1.300000000000000044 ) ;
#1012 =( GEOMETRIC_REPRESENTATION_CONTEXT ( 3 ) GLOBAL_UNCERTAINTY_ASSIGNED_CONTEXT ( ( #285 ) ) GLOBAL_UNIT_ASSIGNED_CONTEXT ( ( #743, #1268, #1379 ) ) REPRESENTATION_CONTEXT ( 'NONE', 'WORKASPACE' ) );
#1013 = UNCERTAINTY_MEASURE_WITH_UNIT (LENGTH_MEASURE( 1.000000000000000082E-05 ), #463, 'distance_accuracy_value', 'NONE');
#1014 = DIRECTION ( 'NONE',  ( 0.000000000000000000, 1.000000000000000000, 0.000000000000000000 ) ) ;
#1015 = ORIENTED_EDGE ( 'NONE', *, *, #1580, .T. ) ;
#1016 = CARTESIAN_POINT ( 'NONE',  ( -0.05128205128205156477, 9.500000000000000000, 3.538461538461538325 ) ) ;
#1017 = CARTESIAN_POINT ( 'NONE',  ( -0.05128205128205156477, 9.509999999999999787, 3.833333333333333481 ) ) ;
#1018 = AXIS2_PLACEMENT_3D ( 'NONE', #1655, #517, #1411 ) ;
#1019 = SURFACE_STYLE_FILL_AREA ( #621 ) ;
#1020 = CARTESIAN_POINT ( 'NONE',  ( 0.000000000000000000, 6.500000000000000000, 0.000000000000000000 ) ) ;
#1021 = LINE ( 'NONE', #1644, #1356 ) ;
#1022 = FILL_AREA_STYLE ('',( #1634 ) ) ;
#1023 = MANIFOLD_SOLID_BREP ( 'Boss-Extrude6', #1595 ) ;
#1024 = FILL_AREA_STYLE_COLOUR ( '', #1376 ) ;
#1025 = CARTESIAN_POINT ( 'NONE',  ( -0.3461538461538465339, 9.509999999999999787, 3.448717948717948900 ) ) ;
#1026 = ORIENTED_EDGE ( 'NONE', *, *, #260, .T. ) ;
#1027 = ORIENTED_EDGE ( 'NONE', *, *, #1443, .T. ) ;
#1028 = ORIENTED_EDGE ( 'NONE', *, *, #1523, .T. ) ;
#1029 = VECTOR ( 'NONE', #940, 1000.000000000000000 ) ;
#1030 =( LENGTH_UNIT ( ) NAMED_UNIT ( * ) SI_UNIT ( .MILLI., .METRE. ) );
#1031 =( LENGTH_UNIT ( ) NAMED_UNIT ( * ) SI_UNIT ( .MILLI., .METRE. ) );
#1032 = DIRECTION ( 'NONE',  ( 0.5000000000000059952, 0.000000000000000000, -0.8660254037844351549 ) ) ;
#1033 = EDGE_CURVE ( 'NONE', #1395, #897, #846, .T. ) ;
#1034 = VERTEX_POINT ( 'NONE', #1119 ) ;
#1035 = VERTEX_POINT ( 'NONE', #1147 ) ;
#1036 = VECTOR ( 'NONE', #1380, 1000.000000000000000 ) ;
#1037 =( LENGTH_UNIT ( ) NAMED_UNIT ( * ) SI_UNIT ( .MILLI., .METRE. ) );
#1038 =( LENGTH_UNIT ( ) NAMED_UNIT ( * ) SI_UNIT ( .MILLI., .METRE. ) );
#1039 = VECTOR ( 'NONE', #1594, 1000.000000000000000 ) ;
#1040 = CIRCLE ( 'NONE', #1343, 0.2999999999999999334 ) ;
#1041 = FILL_AREA_STYLE ('',( #256 ) ) ;
#1042 = EDGE_CURVE ( 'NONE', #1072, #1072, #1040, .T. ) ;
#1043 =( LENGTH_UNIT ( ) NAMED_UNIT ( * ) SI_UNIT ( .MILLI., .METRE. ) );
#1044 = ORIENTED_EDGE ( 'NONE', *, *, #55, .T. ) ;
#1045 = ORIENTED_EDGE ( 'NONE', *, *, #135, .F. ) ;
#1046 = DIRECTION ( 'NONE',  ( 0.000000000000000000, -0.000000000000000000, -1.000000000000000000 ) ) ;
#1047 =( LENGTH_UNIT ( ) NAMED_UNIT ( * ) SI_UNIT ( .MILLI., .METRE. ) );
#1048 = DIRECTION ( 'NONE',  ( 0.000000000000000000, 0.000000000000000000, 1.000000000000000000 ) ) ;
#1049 = PRESENTATION_STYLE_ASSIGNMENT (( #1176 ) ) ;
#1050 = DIRECTION ( 'NONE',  ( 0.000000000000000000, -0.000000000000000000, 1.000000000000000000 ) ) ;
#1051 = ORIENTED_EDGE ( 'NONE', *, *, #1384, .F. ) ;
#1052 = CARTESIAN_POINT ( 'NONE',  ( 0.03846153846153821387, 9.500000000000000000, 3.448717948717948900 ) ) ;
#1053 = EDGE_LOOP ( 'NONE', ( #914, #1150, #258, #778 ) ) ;
#1054 = PLANE ( 'NONE',  #248 ) ;
#1055 = DIRECTION ( 'NONE',  ( -1.000000000000000000, 0.000000000000000000, 0.000000000000000000 ) ) ;
#1056 = VECTOR ( 'NONE', #1067, 1000.000000000000000 ) ;
#1057 = CIRCLE ( 'NONE', #1603, 1.300000000000000044 ) ;
#1058 = STYLED_ITEM ( 'NONE', ( #1181 ), #567 ) ;
#1059 = FILL_AREA_STYLE_COLOUR ( '', #524 ) ;
#1060 = DIRECTION ( 'NONE',  ( 0.000000000000000000, 0.000000000000000000, -1.000000000000000000 ) ) ;
#1061 = SURFACE_SIDE_STYLE ('',( #548 ) ) ;
#1062 = DIRECTION ( 'NONE',  ( -1.000000000000000000, 0.000000000000000000, -0.000000000000000000 ) ) ;
#1063 = SURFACE_SIDE_STYLE ('',( #1420 ) ) ;
#1064 = PRESENTATION_STYLE_ASSIGNMENT (( #36 ) ) ;
#1065 = UNCERTAINTY_MEASURE_WITH_UNIT (LENGTH_MEASURE( 1.000000000000000082E-05 ), #1031, 'distance_accuracy_value', 'NONE');
#1066 =( GEOMETRIC_REPRESENTATION_CONTEXT ( 3 ) GLOBAL_UNCERTAINTY_ASSIGNED_CONTEXT ( ( #17 ) ) GLOBAL_UNIT_ASSIGNED_CONTEXT ( ( #758, #739, #223 ) ) REPRESENTATION_CONTEXT ( 'NONE', 'WORKASPACE' ) );
#1067 = DIRECTION ( 'NONE',  ( 0.000000000000000000, 0.000000000000000000, -1.000000000000000000 ) ) ;
#1068 = COLOUR_RGB ( '',0.2509803921568627416, 0.2509803921568627416, 0.2509803921568627416 ) ;
#1069 = COLOUR_RGB ( '',0.2509803921568627416, 0.2509803921568627416, 0.2509803921568627416 ) ;
#1070 = CARTESIAN_POINT ( 'NONE',  ( -2.000000000000000000, -0.5000000000000000000, 5.656854249492380582 ) ) ;
#1071 = DIRECTION ( 'NONE',  ( 0.000000000000000000, 0.000000000000000000, -1.000000000000000000 ) ) ;
#1072 = VERTEX_POINT ( 'NONE', #585 ) ;
#1073 = EDGE_CURVE ( 'NONE', #1583, #1035, #1110, .T. ) ;
#1074 =( NAMED_UNIT ( * ) PLANE_ANGLE_UNIT ( ) SI_UNIT ( $, .RADIAN. ) );
#1075 = EDGE_CURVE ( 'NONE', #648, #1306, #367, .T. ) ;
#1076 = MECHANICAL_DESIGN_GEOMETRIC_PRESENTATION_REPRESENTATION (  '', ( #287 ), #644 ) ;
#1077 = EDGE_CURVE ( 'NONE', #1123, #661, #206, .T. ) ;
#1078 = LINE ( 'NONE', #1547, #212 ) ;
#1079 = CARTESIAN_POINT ( 'NONE',  ( 3.898979485566439696, -0.5000000000000000000, -4.560477932314997318 ) ) ;
#1080 = SURFACE_STYLE_USAGE ( .BOTH. , #1445 ) ;
#1081 = SURFACE_SIDE_STYLE ('',( #1455 ) ) ;
#1082 = FILL_AREA_STYLE_COLOUR ( '', #740 ) ;
#1083 = UNCERTAINTY_MEASURE_WITH_UNIT (LENGTH_MEASURE( 1.000000000000000082E-05 ), #1129, 'distance_accuracy_value', 'NONE');
#1084 = EDGE_CURVE ( 'NONE', #578, #578, #989, .T. ) ;
#1085 = CIRCLE ( 'NONE', #953, 5.500000000000002665 ) ;
#1086 = ORIENTED_EDGE ( 'NONE', *, *, #376, .T. ) ;
#1087 = SURFACE_STYLE_FILL_AREA ( #571 ) ;
#1088 = PRESENTATION_STYLE_ASSIGNMENT (( #573 ) ) ;
#1089 =( GEOMETRIC_REPRESENTATION_CONTEXT ( 3 ) GLOBAL_UNCERTAINTY_ASSIGNED_CONTEXT ( ( #1586 ) ) GLOBAL_UNIT_ASSIGNED_CONTEXT ( ( #174, #181, #1235 ) ) REPRESENTATION_CONTEXT ( 'NONE', 'WORKASPACE' ) );
#1090 = ADVANCED_FACE ( 'NONE', ( #1383, #101, #995 ), #728, .F. ) ;
#1091 = DIRECTION ( 'NONE',  ( 0.000000000000000000, -0.000000000000000000, 1.000000000000000000 ) ) ;
#1092 =( GEOMETRIC_REPRESENTATION_CONTEXT ( 3 ) GLOBAL_UNCERTAINTY_ASSIGNED_CONTEXT ( ( #1198 ) ) GLOBAL_UNIT_ASSIGNED_CONTEXT ( ( #342, #1627, #986 ) ) REPRESENTATION_CONTEXT ( 'NONE', 'WORKASPACE' ) );
#1093 = VERTEX_POINT ( 'NONE', #1137 ) ;
#1094 = PLANE ( 'NONE',  #1400 ) ;
#1095 = MECHANICAL_DESIGN_GEOMETRIC_PRESENTATION_REPRESENTATION (  '', ( #794 ), #218 ) ;
#1096 = VERTEX_POINT ( 'NONE', #290 ) ;
#1097 = SURFACE_SIDE_STYLE ('',( #1353 ) ) ;
#1098 = SURFACE_STYLE_USAGE ( .BOTH. , #829 ) ;
#1099 = CARTESIAN_POINT ( 'NONE',  ( -0.05128205128205156477, 9.509999999999999787, 3.538461538461538325 ) ) ;
#1100 = ORIENTED_EDGE ( 'NONE', *, *, #948, .F. ) ;
#1101 = CARTESIAN_POINT ( 'NONE',  ( 0.000000000000000000, 9.500000000000000000, 3.500000000000000000 ) ) ;
#1102 = CARTESIAN_POINT ( 'NONE',  ( 0.000000000000000000, 0.000000000000000000, 0.000000000000000000 ) ) ;
#1103 = EDGE_CURVE ( 'NONE', #1, #63, #1636, .T. ) ;
#1104 = CARTESIAN_POINT ( 'NONE',  ( 3.898979485566439696, -0.5000000000000000000, -4.560477932314997318 ) ) ;
#1105 = ORIENTED_EDGE ( 'NONE', *, *, #304, .F. ) ;
#1106 = COLOUR_RGB ( '',0.2509803921568627416, 0.2509803921568627416, 0.2509803921568627416 ) ;
#1107 = FACE_OUTER_BOUND ( 'NONE', #889, .T. ) ;
#1108 = LINE ( 'NONE', #1610, #1575 ) ;
#1109 = MECHANICAL_DESIGN_GEOMETRIC_PRESENTATION_REPRESENTATION (  '', ( #1300 ), #929 ) ;
#1110 = LINE ( 'NONE', #509, #45 ) ;
#1111 = EDGE_LOOP ( 'NONE', ( #1623 ) ) ;
#1112 = FILL_AREA_STYLE_COLOUR ( '', #1069 ) ;
#1113 = LINE ( 'NONE', #473, #922 ) ;
#1114 = CARTESIAN_POINT ( 'NONE',  ( 0.000000000000000000, 0.000000000000000000, 0.000000000000000000 ) ) ;
#1115 = AXIS2_PLACEMENT_3D ( 'NONE', #215, #1257, #604 ) ;
#1116 = COLOUR_RGB ( '',0.2509803921568627416, 0.2509803921568627416, 0.2509803921568627416 ) ;
#1117 = DIRECTION ( 'NONE',  ( 0.000000000000000000, 0.000000000000000000, 1.000000000000000000 ) ) ;
#1118 = ADVANCED_FACE ( 'NONE', ( #1402 ), #392, .F. ) ;
#1119 = CARTESIAN_POINT ( 'NONE',  ( -5.437059837324713207, -0.5000000000000000000, -0.8296868839210257418 ) ) ;
#1120 = ORIENTED_EDGE ( 'NONE', *, *, #1533, .T. ) ;
#1121 = CARTESIAN_POINT ( 'NONE',  ( 3.437059837324794920, -0.5000000000000000000, -4.293788499058711849 ) ) ;
#1122 = ADVANCED_FACE ( 'NONE', ( #1539 ), #1054, .T. ) ;
#1123 = VERTEX_POINT ( 'NONE', #48 ) ;
#1124 = CARTESIAN_POINT ( 'NONE',  ( -0.3461538461538465339, 9.509999999999999787, 3.538461538461538325 ) ) ;
#1125 = PRESENTATION_STYLE_ASSIGNMENT (( #630 ) ) ;
#1126 = FACE_OUTER_BOUND ( 'NONE', #714, .T. ) ;
#1127 = PRESENTATION_STYLE_ASSIGNMENT (( #1251 ) ) ;
#1128 = ORIENTED_EDGE ( 'NONE', *, *, #1259, .F. ) ;
#1129 =( LENGTH_UNIT ( ) NAMED_UNIT ( * ) SI_UNIT ( .MILLI., .METRE. ) );
#1130 = CIRCLE ( 'NONE', #265, 6.000000000000000888 ) ;
#1131 = ORIENTED_EDGE ( 'NONE', *, *, #614, .T. ) ;
#1132 = STYLED_ITEM ( 'NONE', ( #1368 ), #1352 ) ;
#1133 = SURFACE_STYLE_USAGE ( .BOTH. , #502 ) ;
#1134 = SURFACE_STYLE_FILL_AREA ( #1619 ) ;
#1135 = MECHANICAL_DESIGN_GEOMETRIC_PRESENTATION_REPRESENTATION (  '', ( #1058 ), #1475 ) ;
#1136 = DIRECTION ( 'NONE',  ( -0.000000000000000000, -0.000000000000000000, 1.000000000000000000 ) ) ;
#1137 = CARTESIAN_POINT ( 'NONE',  ( -3.437059837324712319, -0.5000000000000000000, -4.293788499058778463 ) ) ;
#1138 = EDGE_LOOP ( 'NONE', ( #1028, #591, #640, #369 ) ) ;
#1139 = ORIENTED_EDGE ( 'NONE', *, *, #849, .T. ) ;
#1140 = ORIENTED_EDGE ( 'NONE', *, *, #799, .F. ) ;
#1141 = LINE ( 'NONE', #97, #486 ) ;
#1142 = CARTESIAN_POINT ( 'NONE',  ( 0.000000000000000000, -0.5000000000000000000, 0.000000000000000000 ) ) ;
#1143 = DIRECTION ( 'NONE',  ( 0.000000000000000000, 0.000000000000000000, -1.000000000000000000 ) ) ;
#1144 = AXIS2_PLACEMENT_3D ( 'NONE', #1142, #869, #484 ) ;
#1145 =( NAMED_UNIT ( * ) SI_UNIT ( $, .STERADIAN. ) SOLID_ANGLE_UNIT ( ) );
#1146 = UNCERTAINTY_MEASURE_WITH_UNIT (LENGTH_MEASURE( 1.000000000000000082E-05 ), #1569, 'distance_accuracy_value', 'NONE');
#1147 = CARTESIAN_POINT ( 'NONE',  ( 0.3333333333333330373, 9.509999999999999787, 3.448717948717948900 ) ) ;
#1148 = MECHANICAL_DESIGN_GEOMETRIC_PRESENTATION_REPRESENTATION (  '', ( #712 ), #1092 ) ;
#1149 = VERTEX_POINT ( 'NONE', #1417 ) ;
#1150 = ORIENTED_EDGE ( 'NONE', *, *, #249, .F. ) ;
#1151 =( LENGTH_UNIT ( ) NAMED_UNIT ( * ) SI_UNIT ( .MILLI., .METRE. ) );
#1152 = STYLED_ITEM ( 'NONE', ( #659 ), #336 ) ;
#1153 = SURFACE_SIDE_STYLE ('',( #885 ) ) ;
#1154 = ADVANCED_FACE ( 'NONE', ( #278, #1447 ), #1308, .T. ) ;
#1155 = ADVANCED_FACE ( 'NONE', ( #809 ), #1315, .T. ) ;
#1156 = FILL_AREA_STYLE ('',( #894 ) ) ;
#1157 = CARTESIAN_POINT ( 'NONE',  ( 2.000000000000000000, 0.000000000000000000, 5.656854249492380582 ) ) ;
#1158 = STYLED_ITEM ( 'NONE', ( #927 ), #1611 ) ;
#1159 = ORIENTED_EDGE ( 'NONE', *, *, #180, .F. ) ;
#1160 = ORIENTED_EDGE ( 'NONE', *, *, #775, .F. ) ;
#1161 = SURFACE_STYLE_FILL_AREA ( #220 ) ;
#1162 = SURFACE_SIDE_STYLE ('',( #649 ) ) ;
#1163 = CIRCLE ( 'NONE', #429, 5.500000000000001776 ) ;
#1164 =( NAMED_UNIT ( * ) PLANE_ANGLE_UNIT ( ) SI_UNIT ( $, .RADIAN. ) );
#1165 = UNCERTAINTY_MEASURE_WITH_UNIT (LENGTH_MEASURE( 1.000000000000000082E-05 ), #602, 'distance_accuracy_value', 'NONE');
#1166 = FILL_AREA_STYLE_COLOUR ( '', #1372 ) ;
#1167 = CARTESIAN_POINT ( 'NONE',  ( 3.898979485566439696, -0.5000000000000000000, -4.560477932314997318 ) ) ;
#1168 = ORIENTED_EDGE ( 'NONE', *, *, #1330, .T. ) ;
#1169 = EDGE_LOOP ( 'NONE', ( #915, #403, #1086, #536 ) ) ;
#1170 = VECTOR ( 'NONE', #195, 1000.000000000000000 ) ;
#1171 =( LENGTH_UNIT ( ) NAMED_UNIT ( * ) SI_UNIT ( .MILLI., .METRE. ) );
#1172 = CARTESIAN_POINT ( 'NONE',  ( -0.3461538461538465339, 9.500000000000000000, 3.538461538461538325 ) ) ;
#1173 = FACE_OUTER_BOUND ( 'NONE', #1510, .T. ) ;
#1174 = MECHANICAL_DESIGN_GEOMETRIC_PRESENTATION_REPRESENTATION (  '', ( #1324 ), #1587 ) ;
#1175 = STYLED_ITEM ( 'NONE', ( #904 ), #1118 ) ;
#1176 = SURFACE_STYLE_USAGE ( .BOTH. , #1295 ) ;
#1177 = CARTESIAN_POINT ( 'NONE',  ( 0.3333333333333330373, 9.509999999999999787, 3.538461538461538325 ) ) ;
#1178 = EDGE_LOOP ( 'NONE', ( #732, #202, #1648, #57 ) ) ;
#1179 = DIRECTION ( 'NONE',  ( 0.000000000000000000, -1.000000000000000000, 0.000000000000000000 ) ) ;
#1180 = VERTEX_POINT ( 'NONE', #1321 ) ;
#1181 = PRESENTATION_STYLE_ASSIGNMENT (( #1418 ) ) ;
#1182 = PLANE ( 'NONE',  #297 ) ;
#1183 = VECTOR ( 'NONE', #1314, 1000.000000000000000 ) ;
#1184 = SURFACE_SIDE_STYLE ('',( #902 ) ) ;
#1185 = UNCERTAINTY_MEASURE_WITH_UNIT (LENGTH_MEASURE( 1.000000000000000082E-05 ), #422, 'distance_accuracy_value', 'NONE');
#1186 = CARTESIAN_POINT ( 'NONE',  ( 0.03846153846153821387, 9.500000000000000000, 3.538461538461538325 ) ) ;
#1187 = FILL_AREA_STYLE_COLOUR ( '', #1378 ) ;
#1188 = PRODUCT_DEFINITION_FORMATION_WITH_SPECIFIED_SOURCE ( 'ANY', '', #840, .NOT_KNOWN. ) ;
#1189 =( NAMED_UNIT ( * ) PLANE_ANGLE_UNIT ( ) SI_UNIT ( $, .RADIAN. ) );
#1190 = SURFACE_SIDE_STYLE ('',( #296 ) ) ;
#1191 = COLOUR_RGB ( '',0.5019607843137254832, 0.5019607843137254832, 0.5019607843137254832 ) ;
#1192 = CARTESIAN_POINT ( 'NONE',  ( 0.000000000000000000, 6.500000000000000000, 0.000000000000000000 ) ) ;
#1193 = CARTESIAN_POINT ( 'NONE',  ( -0.05128205128205156477, 9.500000000000000000, 3.538461538461538325 ) ) ;
#1194 = CARTESIAN_POINT ( 'NONE',  ( 0.3333333333333330373, 9.509999999999999787, 3.538461538461538325 ) ) ;
#1195 = VERTEX_POINT ( 'NONE', #1470 ) ;
#1196 = AXIS2_PLACEMENT_3D ( 'NONE', #1177, #1050, #1200 ) ;
#1197 = FILL_AREA_STYLE ('',( #61 ) ) ;
#1198 = UNCERTAINTY_MEASURE_WITH_UNIT (LENGTH_MEASURE( 1.000000000000000082E-05 ), #342, 'distance_accuracy_value', 'NONE');
#1199 = COLOUR_RGB ( '',0.2509803921568627416, 0.2509803921568627416, 0.2509803921568627416 ) ;
#1200 = DIRECTION ( 'NONE',  ( 1.000000000000000000, 0.000000000000000000, -0.000000000000000000 ) ) ;
#1201 = CARTESIAN_POINT ( 'NONE',  ( 0.03846153846153821387, 9.509999999999999787, 3.448717948717948900 ) ) ;
#1202 = PRESENTATION_STYLE_ASSIGNMENT (( #553 ) ) ;
#1203 = CARTESIAN_POINT ( 'NONE',  ( 0.03846153846153821387, 9.509999999999999787, 3.833333333333333481 ) ) ;
#1204 = DIRECTION ( 'NONE',  ( 0.8660254037844429265, -0.000000000000000000, -0.4999999999999925615 ) ) ;
#1205 = ADVANCED_FACE ( 'NONE', ( #826 ), #592, .T. ) ;
#1206 = PRESENTATION_LAYER_ASSIGNMENT (  '', '', ( #257 ) ) ;
#1207 = CARTESIAN_POINT ( 'NONE',  ( 0.000000000000000000, 9.500000000000000000, 3.500000000000000000 ) ) ;
#1208 = SURFACE_SIDE_STYLE ('',( #302 ) ) ;
#1209 = EDGE_LOOP ( 'NONE', ( #307, #1159, #1045, #1139, #71, #532, #638, #1238, #1000, #1366, #1478, #360 ) ) ;
#1210 = LINE ( 'NONE', #189, #1617 ) ;
#1211 =( NAMED_UNIT ( * ) SI_UNIT ( $, .STERADIAN. ) SOLID_ANGLE_UNIT ( ) );
#1212 = CYLINDRICAL_SURFACE ( 'NONE', #874, 0.2999999999999999334 ) ;
#1213 = ADVANCED_FACE ( 'NONE', ( #715 ), #1094, .T. ) ;
#1214 = VECTOR ( 'NONE', #428, 1000.000000000000000 ) ;
#1215 = UNCERTAINTY_MEASURE_WITH_UNIT (LENGTH_MEASURE( 1.000000000000000082E-05 ), #1047, 'distance_accuracy_value', 'NONE');
#1216 = ORIENTED_EDGE ( 'NONE', *, *, #627, .T. ) ;
#1217 = DIRECTION ( 'NONE',  ( -0.000000000000000000, 1.000000000000000000, -0.000000000000000000 ) ) ;
#1218 = VERTEX_POINT ( 'NONE', #937 ) ;
#1219 = CARTESIAN_POINT ( 'NONE',  ( -2.000000000000000000, -0.5000000000000000000, 5.656854249492380582 ) ) ;
#1220 = VECTOR ( 'NONE', #455, 1000.000000000000000 ) ;
#1221 = CARTESIAN_POINT ( 'NONE',  ( -0.05128205128205156477, 9.509999999999999787, 3.448717948717948900 ) ) ;
#1222 = ORIENTED_EDGE ( 'NONE', *, *, #466, .T. ) ;
#1223 = COLOUR_RGB ( '',0.7921568627450980005, 0.8196078431372548767, 0.9333333333333333481 ) ;
#1224 = EDGE_CURVE ( 'NONE', #490, #1388, #1351, .T. ) ;
#1225 = LINE ( 'NONE', #87, #580 ) ;
#1226 = CARTESIAN_POINT ( 'NONE',  ( 0.3333333333333330373, 9.500000000000000000, 3.448717948717948900 ) ) ;
#1227 = AXIS2_PLACEMENT_3D ( 'NONE', #1020, #204, #622 ) ;
#1228 = LINE ( 'NONE', #108, #1039 ) ;
#1229 = DIRECTION ( 'NONE',  ( 0.000000000000000000, 0.000000000000000000, 1.000000000000000000 ) ) ;
#1230 = ORIENTED_EDGE ( 'NONE', *, *, #427, .F. ) ;
#1231 = DIRECTION ( 'NONE',  ( 0.000000000000000000, -1.000000000000000000, 0.000000000000000000 ) ) ;
#1232 =( NAMED_UNIT ( * ) SI_UNIT ( $, .STERADIAN. ) SOLID_ANGLE_UNIT ( ) );
#1233 = PRESENTATION_STYLE_ASSIGNMENT (( #1348 ) ) ;
#1234 = CIRCLE ( 'NONE', #515, 5.500000000000001776 ) ;
#1235 =( NAMED_UNIT ( * ) SI_UNIT ( $, .STERADIAN. ) SOLID_ANGLE_UNIT ( ) );
#1236 = EDGE_LOOP ( 'NONE', ( #878 ) ) ;
#1237 = EDGE_CURVE ( 'NONE', #570, #63, #1210, .T. ) ;
#1238 = ORIENTED_EDGE ( 'NONE', *, *, #980, .T. ) ;
#1239 = PRESENTATION_LAYER_ASSIGNMENT (  '', '', ( #1058 ) ) ;
#1240 = CARTESIAN_POINT ( 'NONE',  ( -5.898979485566355763, 0.000000000000000000, -1.096376317177319537 ) ) ;
#1241 = DIRECTION ( 'NONE',  ( 0.000000000000000000, 0.000000000000000000, -1.000000000000000000 ) ) ;
#1242 = EDGE_CURVE ( 'NONE', #451, #779, #1225, .T. ) ;
#1243 = VECTOR ( 'NONE', #362, 1000.000000000000000 ) ;
#1244 =( NAMED_UNIT ( * ) SI_UNIT ( $, .STERADIAN. ) SOLID_ANGLE_UNIT ( ) );
#1245 = ORIENTED_EDGE ( 'NONE', *, *, #1322, .T. ) ;
#1246 = PLANE ( 'NONE',  #1488 ) ;
#1247 = SURFACE_SIDE_STYLE ('',( #837 ) ) ;
#1248 = DIRECTION ( 'NONE',  ( 0.000000000000000000, 1.000000000000000000, 0.000000000000000000 ) ) ;
#1249 = COLOUR_RGB ( '',0.2509803921568627416, 0.2509803921568627416, 0.2509803921568627416 ) ;
#1250 = DIRECTION ( 'NONE',  ( 0.000000000000000000, 0.000000000000000000, -1.000000000000000000 ) ) ;
#1251 = SURFACE_STYLE_USAGE ( .BOTH. , #737 ) ;
#1252 = DIRECTION ( 'NONE',  ( -0.000000000000000000, -1.000000000000000000, -0.000000000000000000 ) ) ;
#1253 = ORIENTED_EDGE ( 'NONE', *, *, #931, .T. ) ;
#1254 =( NAMED_UNIT ( * ) PLANE_ANGLE_UNIT ( ) SI_UNIT ( $, .RADIAN. ) );
#1255 = CARTESIAN_POINT ( 'NONE',  ( -0.05128205128205156477, 9.509999999999999787, 3.833333333333333481 ) ) ;
#1256 = DIRECTION ( 'NONE',  ( -0.000000000000000000, 1.000000000000000000, -0.000000000000000000 ) ) ;
#1257 = DIRECTION ( 'NONE',  ( 0.000000000000000000, 1.000000000000000000, -0.000000000000000000 ) ) ;
#1258 = AXIS2_PLACEMENT_3D ( 'NONE', #504, #494, #1506 ) ;
#1259 = EDGE_CURVE ( 'NONE', #1437, #1437, #1505, .T. ) ;
#1260 = DIRECTION ( 'NONE',  ( 0.000000000000000000, 1.000000000000000000, 0.000000000000000000 ) ) ;
#1261 = ORIENTED_EDGE ( 'NONE', *, *, #1354, .T. ) ;
#1262 = CARTESIAN_POINT ( 'NONE',  ( -5.898979485566355763, 0.000000000000000000, -1.096376317177319537 ) ) ;
#1263 = VECTOR ( 'NONE', #276, 1000.000000000000000 ) ;
#1264 = ORIENTED_EDGE ( 'NONE', *, *, #1485, .T. ) ;
#1265 = STYLED_ITEM ( 'NONE', ( #745 ), #1508 ) ;
#1266 = EDGE_LOOP ( 'NONE', ( #1358 ) ) ;
#1267 = DIRECTION ( 'NONE',  ( -1.000000000000000000, 0.000000000000000000, 0.000000000000000000 ) ) ;
#1268 =( NAMED_UNIT ( * ) PLANE_ANGLE_UNIT ( ) SI_UNIT ( $, .RADIAN. ) );
#1269 = CARTESIAN_POINT ( 'NONE',  ( -0.05128205128205156477, 9.509999999999999787, 3.448717948717948900 ) ) ;
#1270 =( NAMED_UNIT ( * ) SI_UNIT ( $, .STERADIAN. ) SOLID_ANGLE_UNIT ( ) );
#1271 = DIRECTION ( 'NONE',  ( 0.000000000000000000, -0.000000000000000000, 1.000000000000000000 ) ) ;
#1272 = FACE_OUTER_BOUND ( 'NONE', #104, .T. ) ;
#1273 = ORIENTED_EDGE ( 'NONE', *, *, #726, .T. ) ;
#1274 = VERTEX_POINT ( 'NONE', #977 ) ;
#1275 = ADVANCED_FACE ( 'NONE', ( #842 ), #198, .T. ) ;
#1276 = EDGE_LOOP ( 'NONE', ( #1541, #1100, #1230, #512, #600, #1105, #88, #1520, #887, #459, #1006, #226 ) ) ;
#1277 =( NAMED_UNIT ( * ) PLANE_ANGLE_UNIT ( ) SI_UNIT ( $, .RADIAN. ) );
#1278 = CARTESIAN_POINT ( 'NONE',  ( 5.898979485566357539, -0.5000000000000000000, -1.096376317177308435 ) ) ;
#1279 = PLANE ( 'NONE',  #720 ) ;
#1280 = PRESENTATION_LAYER_ASSIGNMENT (  '', '', ( #325 ) ) ;
#1281 =( NAMED_UNIT ( * ) SI_UNIT ( $, .STERADIAN. ) SOLID_ANGLE_UNIT ( ) );
#1282 = UNCERTAINTY_MEASURE_WITH_UNIT (LENGTH_MEASURE( 1.000000000000000082E-05 ), #1453, 'distance_accuracy_value', 'NONE');
#1283 = SURFACE_SIDE_STYLE ('',( #238 ) ) ;
#1284 = EDGE_LOOP ( 'NONE', ( #787, #848, #1548, #217 ) ) ;
#1285 = ORIENTED_EDGE ( 'NONE', *, *, #209, .F. ) ;
#1286 = SURFACE_STYLE_FILL_AREA ( #1156 ) ;
#1287 = CIRCLE ( 'NONE', #293, 6.000000000000000888 ) ;
#1288 = ORIENTED_EDGE ( 'NONE', *, *, #319, .T. ) ;
#1289 = EDGE_LOOP ( 'NONE', ( #21 ) ) ;
#1290 = FILL_AREA_STYLE ('',( #1010 ) ) ;
#1291 = EDGE_CURVE ( 'NONE', #657, #1405, #676, .T. ) ;
#1292 = PRESENTATION_LAYER_ASSIGNMENT (  '', '', ( #401 ) ) ;
#1293 = SURFACE_STYLE_FILL_AREA ( #127 ) ;
#1294 = UNCERTAINTY_MEASURE_WITH_UNIT (LENGTH_MEASURE( 1.000000000000000082E-05 ), #1151, 'distance_accuracy_value', 'NONE');
#1295 = SURFACE_SIDE_STYLE ('',( #264 ) ) ;
#1296 = CARTESIAN_POINT ( 'NONE',  ( 0.03846153846153821387, 9.509999999999999787, 3.448717948717948900 ) ) ;
#1297 = ORIENTED_EDGE ( 'NONE', *, *, #19, .F. ) ;
#1298 = CARTESIAN_POINT ( 'NONE',  ( -0.05128205128205156477, 9.500000000000000000, 3.153846153846153744 ) ) ;
#1299 = ORIENTED_EDGE ( 'NONE', *, *, #1224, .T. ) ;
#1300 = STYLED_ITEM ( 'NONE', ( #294 ), #790 ) ;
#1301 =( NAMED_UNIT ( * ) SI_UNIT ( $, .STERADIAN. ) SOLID_ANGLE_UNIT ( ) );
#1302 =( NAMED_UNIT ( * ) SI_UNIT ( $, .STERADIAN. ) SOLID_ANGLE_UNIT ( ) );
#1303 = CARTESIAN_POINT ( 'NONE',  ( 0.03846153846153821387, 9.509999999999999787, 3.538461538461538325 ) ) ;
#1304 = AXIS2_PLACEMENT_3D ( 'NONE', #901, #754, #1271 ) ;
#1305 =( NAMED_UNIT ( * ) SI_UNIT ( $, .STERADIAN. ) SOLID_ANGLE_UNIT ( ) );
#1306 = VERTEX_POINT ( 'NONE', #350 ) ;
#1307 = CARTESIAN_POINT ( 'NONE',  ( -0.05128205128205156477, 9.500000000000000000, 3.833333333333333481 ) ) ;
#1308 = CYLINDRICAL_SURFACE ( 'NONE', #194, 1.000000000000000444 ) ;
#1309 = FACE_OUTER_BOUND ( 'NONE', #1053, .T. ) ;
#1310 = MECHANICAL_DESIGN_GEOMETRIC_PRESENTATION_REPRESENTATION (  '', ( #309 ), #1512 ) ;
#1311 = CARTESIAN_POINT ( 'NONE',  ( 0.03846153846153821387, 9.509999999999999787, 3.833333333333333481 ) ) ;
#1312 = UNCERTAINTY_MEASURE_WITH_UNIT (LENGTH_MEASURE( 1.000000000000000082E-05 ), #306, 'distance_accuracy_value', 'NONE');
#1313 = LINE ( 'NONE', #295, #1521 ) ;
#1314 = DIRECTION ( 'NONE',  ( -0.000000000000000000, 1.000000000000000000, -0.000000000000000000 ) ) ;
#1315 = PLANE ( 'NONE',  #356 ) ;
#1316 = DIRECTION ( 'NONE',  ( -0.000000000000000000, 1.000000000000000000, -0.000000000000000000 ) ) ;
#1317 = CARTESIAN_POINT ( 'NONE',  ( -0.3461538461538465339, 9.509999999999999787, 3.448717948717948900 ) ) ;
#1318 = VECTOR ( 'NONE', #431, 1000.000000000000000 ) ;
#1319 = FILL_AREA_STYLE ('',( #1059 ) ) ;
#1320 = CARTESIAN_POINT ( 'NONE',  ( 0.03846153846153821387, 9.509999999999999787, 3.153846153846153744 ) ) ;
#1321 = CARTESIAN_POINT ( 'NONE',  ( 0.3333333333333330373, 9.500000000000000000, 3.538461538461538325 ) ) ;
#1322 = EDGE_CURVE ( 'NONE', #96, #250, #103, .T. ) ;
#1323 = UNCERTAINTY_MEASURE_WITH_UNIT (LENGTH_MEASURE( 1.000000000000000082E-05 ), #590, 'distance_accuracy_value', 'NONE');
#1324 = STYLED_ITEM ( 'NONE', ( #115 ), #559 ) ;
#1325 = STYLED_ITEM ( 'NONE', ( #1452 ), #994 ) ;
#1326 = SURFACE_STYLE_FILL_AREA ( #159 ) ;
#1327 = PRESENTATION_STYLE_ASSIGNMENT (( #817 ) ) ;
#1328 = PRESENTATION_LAYER_ASSIGNMENT (  '', '', ( #150 ) ) ;
#1329 = PRODUCT_CONTEXT ( 'NONE', #877, 'mechanical' ) ;
#1330 = EDGE_CURVE ( 'NONE', #647, #708, #748, .T. ) ;
#1331 = FILL_AREA_STYLE_COLOUR ( '', #519 ) ;
#1332 = EDGE_LOOP ( 'NONE', ( #1606 ) ) ;
#1333 = STYLED_ITEM ( 'NONE', ( #770 ), #1373 ) ;
#1334 = LINE ( 'NONE', #440, #318 ) ;
#1335 = COLOUR_RGB ( '',0.5019607843137254832, 0.5019607843137254832, 0.5019607843137254832 ) ;
#1336 = PRESENTATION_LAYER_ASSIGNMENT (  '', '', ( #1333 ) ) ;
#1337 = ORIENTED_EDGE ( 'NONE', *, *, #1224, .F. ) ;
#1338 =( NAMED_UNIT ( * ) PLANE_ANGLE_UNIT ( ) SI_UNIT ( $, .RADIAN. ) );
#1339 =( NAMED_UNIT ( * ) PLANE_ANGLE_UNIT ( ) SI_UNIT ( $, .RADIAN. ) );
#1340 = SURFACE_STYLE_FILL_AREA ( #838 ) ;
#1341 = DIRECTION ( 'NONE',  ( 0.000000000000000000, 1.000000000000000000, 0.000000000000000000 ) ) ;
#1342 = EDGE_LOOP ( 'NONE', ( #1026, #1484, #1624, #370 ) ) ;
#1343 = AXIS2_PLACEMENT_3D ( 'NONE', #1647, #1252, #348 ) ;
#1344 = CARTESIAN_POINT ( 'NONE',  ( 0.03846153846153821387, 9.509999999999999787, 3.538461538461538325 ) ) ;
#1345 =( GEOMETRIC_REPRESENTATION_CONTEXT ( 3 ) GLOBAL_UNCERTAINTY_ASSIGNED_CONTEXT ( ( #757 ) ) GLOBAL_UNIT_ASSIGNED_CONTEXT ( ( #323, #1601, #353 ) ) REPRESENTATION_CONTEXT ( 'NONE', 'WORKASPACE' ) );
#1346 = STYLED_ITEM ( 'NONE', ( #321 ), #1205 ) ;
#1347 = DIRECTION ( 'NONE',  ( 0.000000000000000000, 0.000000000000000000, -1.000000000000000000 ) ) ;
#1348 = SURFACE_STYLE_USAGE ( .BOTH. , #76 ) ;
#1349 = EDGE_CURVE ( 'NONE', #242, #657, #488, .T. ) ;
#1350 = ORIENTED_EDGE ( 'NONE', *, *, #1075, .F. ) ;
#1351 = LINE ( 'NONE', #1344, #690 ) ;
#1352 = ADVANCED_FACE ( 'NONE', ( #730 ), #1246, .T. ) ;
#1353 = SURFACE_STYLE_FILL_AREA ( #853 ) ;
#1354 = EDGE_CURVE ( 'NONE', #131, #625, #513, .T. ) ;
#1355 =( GEOMETRIC_REPRESENTATION_CONTEXT ( 3 ) GLOBAL_UNCERTAINTY_ASSIGNED_CONTEXT ( ( #164 ) ) GLOBAL_UNIT_ASSIGNED_CONTEXT ( ( #1653, #1164, #263 ) ) REPRESENTATION_CONTEXT ( 'NONE', 'WORKASPACE' ) );
#1356 = VECTOR ( 'NONE', #1347, 1000.000000000000000 ) ;
#1357 = SURFACE_STYLE_USAGE ( .BOTH. , #1283 ) ;
#1358 = ORIENTED_EDGE ( 'NONE', *, *, #1042, .T. ) ;
#1359 = ORIENTED_EDGE ( 'NONE', *, *, #1033, .F. ) ;
#1360 = COLOUR_RGB ( '',0.2509803921568627416, 0.2509803921568627416, 0.2509803921568627416 ) ;
#1361 = DIRECTION ( 'NONE',  ( 1.000000000000000000, 0.000000000000000000, -0.000000000000000000 ) ) ;
#1362 = FILL_AREA_STYLE ('',( #588 ) ) ;
#1363 = EDGE_CURVE ( 'NONE', #368, #1405, #1141, .T. ) ;
#1364 = MECHANICAL_DESIGN_GEOMETRIC_PRESENTATION_REPRESENTATION (  '', ( #493 ), #274 ) ;
#1365 = PRESENTATION_STYLE_ASSIGNMENT (( #1357 ) ) ;
#1366 = ORIENTED_EDGE ( 'NONE', *, *, #1363, .F. ) ;
#1367 = ORIENTED_EDGE ( 'NONE', *, *, #529, .T. ) ;
#1368 = PRESENTATION_STYLE_ASSIGNMENT (( #761 ) ) ;
#1369 = CARTESIAN_POINT ( 'NONE',  ( 0.000000000000000000, -0.5000000000000000000, 0.000000000000000000 ) ) ;
#1370 = CARTESIAN_POINT ( 'NONE',  ( 0.000000000000000000, 0.000000000000000000, 0.000000000000000000 ) ) ;
#1371 = PRESENTATION_LAYER_ASSIGNMENT (  '', '', ( #498 ) ) ;
#1372 = COLOUR_RGB ( '',0.2509803921568627416, 0.2509803921568627416, 0.2509803921568627416 ) ;
#1373 = ADVANCED_FACE ( 'NONE', ( #1641 ), #1535, .T. ) ;
#1374 = DIRECTION ( 'NONE',  ( 0.000000000000000000, 0.000000000000000000, 1.000000000000000000 ) ) ;
#1375 = FILL_AREA_STYLE ('',( #615 ) ) ;
#1376 = COLOUR_RGB ( '',0.2509803921568627416, 0.2509803921568627416, 0.2509803921568627416 ) ;
#1377 = EDGE_LOOP ( 'NONE', ( #510 ) ) ;
#1378 = COLOUR_RGB ( '',0.2509803921568627416, 0.2509803921568627416, 0.2509803921568627416 ) ;
#1379 =( NAMED_UNIT ( * ) SI_UNIT ( $, .STERADIAN. ) SOLID_ANGLE_UNIT ( ) );
#1380 = DIRECTION ( 'NONE',  ( -0.000000000000000000, 1.000000000000000000, -0.000000000000000000 ) ) ;
#1381 = CARTESIAN_POINT ( 'NONE',  ( 0.000000000000000000, 0.000000000000000000, 0.000000000000000000 ) ) ;
#1382 = UNCERTAINTY_MEASURE_WITH_UNIT (LENGTH_MEASURE( 1.000000000000000082E-05 ), #1038, 'distance_accuracy_value', 'NONE');
#1383 = FACE_BOUND ( 'NONE', #1404, .T. ) ;
#1384 = EDGE_CURVE ( 'NONE', #1035, #530, #243, .T. ) ;
#1385 = ORIENTED_EDGE ( 'NONE', *, *, #1443, .F. ) ;
#1386 = MECHANICAL_DESIGN_GEOMETRIC_PRESENTATION_REPRESENTATION (  '', ( #236 ), #593 ) ;
#1387 = AXIS2_PLACEMENT_3D ( 'NONE', #595, #718, #91 ) ;
#1388 = VERTEX_POINT ( 'NONE', #388 ) ;
#1389 = CARTESIAN_POINT ( 'NONE',  ( -0.05128205128205156477, 9.509999999999999787, 3.153846153846153744 ) ) ;
#1390 =( NAMED_UNIT ( * ) PLANE_ANGLE_UNIT ( ) SI_UNIT ( $, .RADIAN. ) );
#1391 =( NAMED_UNIT ( * ) PLANE_ANGLE_UNIT ( ) SI_UNIT ( $, .RADIAN. ) );
#1392 =( LENGTH_UNIT ( ) NAMED_UNIT ( * ) SI_UNIT ( .MILLI., .METRE. ) );
#1393 = AXIS2_PLACEMENT_3D ( 'NONE', #1296, #267, #151 ) ;
#1394 = ORIENTED_EDGE ( 'NONE', *, *, #100, .T. ) ;
#1395 = VERTEX_POINT ( 'NONE', #1501 ) ;
#1396 = DIRECTION ( 'NONE',  ( 0.000000000000000000, 0.000000000000000000, 1.000000000000000000 ) ) ;
#1397 = SURFACE_SIDE_STYLE ('',( #1019 ) ) ;
#1398 = DIRECTION ( 'NONE',  ( 1.000000000000000000, 0.000000000000000000, 0.000000000000000000 ) ) ;
#1399 = PRESENTATION_LAYER_ASSIGNMENT (  '', '', ( #465 ) ) ;
#1400 = AXIS2_PLACEMENT_3D ( 'NONE', #183, #984, #850 ) ;
#1401 = SURFACE_STYLE_USAGE ( .BOTH. , #1184 ) ;
#1402 = FACE_OUTER_BOUND ( 'NONE', #583, .T. ) ;
#1403 = EDGE_CURVE ( 'NONE', #628, #275, #261, .T. ) ;
#1404 = EDGE_LOOP ( 'NONE', ( #1489 ) ) ;
#1405 = VERTEX_POINT ( 'NONE', #611 ) ;
#1406 =( NAMED_UNIT ( * ) PLANE_ANGLE_UNIT ( ) SI_UNIT ( $, .RADIAN. ) );
#1407 = ADVANCED_FACE ( 'NONE', ( #482 ), #363, .F. ) ;
#1408 = DIRECTION ( 'NONE',  ( -0.8660254037844420383, 0.000000000000000000, 0.4999999999999943379 ) ) ;
#1409 =( NAMED_UNIT ( * ) PLANE_ANGLE_UNIT ( ) SI_UNIT ( $, .RADIAN. ) );
#1410 = EDGE_CURVE ( 'NONE', #769, #648, #83, .T. ) ;
#1411 = DIRECTION ( 'NONE',  ( 0.000000000000000000, 0.000000000000000000, -1.000000000000000000 ) ) ;
#1412 = PRESENTATION_STYLE_ASSIGNMENT (( #117 ) ) ;
#1413 = ORIENTED_EDGE ( 'NONE', *, *, #1621, .F. ) ;
#1414 = SURFACE_SIDE_STYLE ('',( #1326 ) ) ;
#1415 = ORIENTED_EDGE ( 'NONE', *, *, #771, .T. ) ;
#1416 = STYLED_ITEM ( 'NONE', ( #1481 ), #253 ) ;
#1417 = CARTESIAN_POINT ( 'NONE',  ( 5.437059837324713207, -0.5000000000000000000, -0.8296868839210217450 ) ) ;
#1418 = SURFACE_STYLE_USAGE ( .BOTH. , #665 ) ;
#1419 =( GEOMETRIC_REPRESENTATION_CONTEXT ( 3 ) GLOBAL_UNCERTAINTY_ASSIGNED_CONTEXT ( ( #1441 ) ) GLOBAL_UNIT_ASSIGNED_CONTEXT ( ( #632, #107, #1270 ) ) REPRESENTATION_CONTEXT ( 'NONE', 'WORKASPACE' ) );
#1420 = SURFACE_STYLE_FILL_AREA ( #398 ) ;
#1421 = SURFACE_STYLE_USAGE ( .BOTH. , #245 ) ;
#1422 = PRODUCT_DEFINITION_CONTEXT ( 'detailed design', #970, 'design' ) ;
#1423 = LINE ( 'NONE', #1555, #190 ) ;
#1424 = VERTEX_POINT ( 'NONE', #333 ) ;
#1425 = CARTESIAN_POINT ( 'NONE',  ( 2.000000000000000000, 0.000000000000000000, 5.656854249492380582 ) ) ;
#1426 = FACE_OUTER_BOUND ( 'NONE', #1289, .T. ) ;
#1427 = PRESENTATION_LAYER_ASSIGNMENT (  '', '', ( #493 ) ) ;
#1428 = PLANE ( 'NONE',  #1553 ) ;
#1429 = DIRECTION ( 'NONE',  ( -0.8660254037844420383, 0.000000000000000000, 0.4999999999999943379 ) ) ;
#1430 = MECHANICAL_DESIGN_GEOMETRIC_PRESENTATION_REPRESENTATION (  '', ( #635 ), #1639 ) ;
#1431 = AXIS2_PLACEMENT_3D ( 'NONE', #468, #1014, #886 ) ;
#1432 = AXIS2_PLACEMENT_3D ( 'NONE', #881, #1256, #389 ) ;
#1433 =( NAMED_UNIT ( * ) SI_UNIT ( $, .STERADIAN. ) SOLID_ANGLE_UNIT ( ) );
#1434 = CARTESIAN_POINT ( 'NONE',  ( -0.05128205128205156477, 9.509999999999999787, 3.153846153846153744 ) ) ;
#1435 = FILL_AREA_STYLE ('',( #1454 ) ) ;
#1436 =( NAMED_UNIT ( * ) PLANE_ANGLE_UNIT ( ) SI_UNIT ( $, .RADIAN. ) );
#1437 = VERTEX_POINT ( 'NONE', #40 ) ;
#1438 = PRESENTATION_LAYER_ASSIGNMENT (  '', '', ( #1152 ) ) ;
#1439 = CARTESIAN_POINT ( 'NONE',  ( -0.05128205128205156477, 9.509999999999999787, 3.538461538461538325 ) ) ;
#1440 = CARTESIAN_POINT ( 'NONE',  ( 5.898979485566357539, -0.5000000000000000000, -1.096376317177308435 ) ) ;
#1441 = UNCERTAINTY_MEASURE_WITH_UNIT (LENGTH_MEASURE( 1.000000000000000082E-05 ), #632, 'distance_accuracy_value', 'NONE');
#1442 = EDGE_CURVE ( 'NONE', #963, #963, #33, .T. ) ;
#1443 = EDGE_CURVE ( 'NONE', #628, #93, #862, .T. ) ;
#1444 = LINE ( 'NONE', #1320, #1214 ) ;
#1445 = SURFACE_SIDE_STYLE ('',( #289 ) ) ;
#1446 = CIRCLE ( 'NONE', #651, 0.8000000000000008216 ) ;
#1447 = FACE_OUTER_BOUND ( 'NONE', #1332, .T. ) ;
#1448 = DIRECTION ( 'NONE',  ( 0.000000000000000000, 0.000000000000000000, -1.000000000000000000 ) ) ;
#1449 = VECTOR ( 'NONE', #112, 1000.000000000000000 ) ;
#1450 =( NAMED_UNIT ( * ) PLANE_ANGLE_UNIT ( ) SI_UNIT ( $, .RADIAN. ) );
#1451 =( GEOMETRIC_REPRESENTATION_CONTEXT ( 3 ) GLOBAL_UNCERTAINTY_ASSIGNED_CONTEXT ( ( #947 ) ) GLOBAL_UNIT_ASSIGNED_CONTEXT ( ( #682, #1074, #811 ) ) REPRESENTATION_CONTEXT ( 'NONE', 'WORKASPACE' ) );
#1452 = PRESENTATION_STYLE_ASSIGNMENT (( #847 ) ) ;
#1453 =( LENGTH_UNIT ( ) NAMED_UNIT ( * ) SI_UNIT ( .MILLI., .METRE. ) );
#1454 = FILL_AREA_STYLE_COLOUR ( '', #1335 ) ;
#1455 = SURFACE_STYLE_FILL_AREA ( #162 ) ;
#1456 =( LENGTH_UNIT ( ) NAMED_UNIT ( * ) SI_UNIT ( .MILLI., .METRE. ) );
#1457 = PRESENTATION_LAYER_ASSIGNMENT (  '', '', ( #435 ) ) ;
#1458 = CARTESIAN_POINT ( 'NONE',  ( -1.999999999999998224, 0.000000000000000000, 5.123475382979803427 ) ) ;
#1459 = SURFACE_SIDE_STYLE ('',( #958 ) ) ;
#1460 = COLOUR_RGB ( '',0.2509803921568627416, 0.2509803921568627416, 0.2509803921568627416 ) ;
#1461 = PRESENTATION_LAYER_ASSIGNMENT (  '', '', ( #1175 ) ) ;
#1462 =( NAMED_UNIT ( * ) SI_UNIT ( $, .STERADIAN. ) SOLID_ANGLE_UNIT ( ) );
#1463 = ORIENTED_EDGE ( 'NONE', *, *, #1580, .F. ) ;
#1464 =( GEOMETRIC_REPRESENTATION_CONTEXT ( 3 ) GLOBAL_UNCERTAINTY_ASSIGNED_CONTEXT ( ( #560 ) ) GLOBAL_UNIT_ASSIGNED_CONTEXT ( ( #930, #283, #163 ) ) REPRESENTATION_CONTEXT ( 'NONE', 'WORKASPACE' ) );
#1465 = DIRECTION ( 'NONE',  ( 1.000000000000000000, 0.000000000000000000, 0.000000000000000000 ) ) ;
#1466 = FACE_OUTER_BOUND ( 'NONE', #1266, .T. ) ;
#1467 = CARTESIAN_POINT ( 'NONE',  ( 2.000000000000000000, -0.5000000000000000000, 5.656854249492380582 ) ) ;
#1468 = EDGE_LOOP ( 'NONE', ( #1288, #1297, #1649, #960 ) ) ;
#1469 = SURFACE_STYLE_FILL_AREA ( #329 ) ;
#1470 = CARTESIAN_POINT ( 'NONE',  ( 0.000000000000000000, 9.500000000000000000, 4.300000000000000711 ) ) ;
#1471 = MECHANICAL_DESIGN_GEOMETRIC_PRESENTATION_REPRESENTATION (  '', ( #1333 ), #618 ) ;
#1472 = CARTESIAN_POINT ( 'NONE',  ( 0.000000000000000000, -0.5000000000000000000, 0.000000000000000000 ) ) ;
#1473 = CIRCLE ( 'NONE', #675, 0.3000000000000003775 ) ;
#1474 = VECTOR ( 'NONE', #1514, 1000.000000000000000 ) ;
#1475 =( GEOMETRIC_REPRESENTATION_CONTEXT ( 3 ) GLOBAL_UNCERTAINTY_ASSIGNED_CONTEXT ( ( #574 ) ) GLOBAL_UNIT_ASSIGNED_CONTEXT ( ( #24, #1189, #1302 ) ) REPRESENTATION_CONTEXT ( 'NONE', 'WORKASPACE' ) );
#1476 = CARTESIAN_POINT ( 'NONE',  ( 0.000000000000000000, -0.5000000000000000000, 0.000000000000000000 ) ) ;
#1477 = ORIENTED_EDGE ( 'NONE', *, *, #766, .T. ) ;
#1478 = ORIENTED_EDGE ( 'NONE', *, *, #1652, .F. ) ;
#1479 = STYLED_ITEM ( 'NONE', ( #1558 ), #1155 ) ;
#1480 = CARTESIAN_POINT ( 'NONE',  ( 0.03846153846153821387, 9.500000000000000000, 3.833333333333333481 ) ) ;
#1481 = PRESENTATION_STYLE_ASSIGNMENT (( #816 ) ) ;
#1482 = AXIS2_PLACEMENT_3D ( 'NONE', #1476, #637, #216 ) ;
#1483 = AXIS2_PLACEMENT_3D ( 'NONE', #1192, #291, #441 ) ;
#1484 = ORIENTED_EDGE ( 'NONE', *, *, #1330, .F. ) ;
#1485 = EDGE_CURVE ( 'NONE', #1096, #1096, #1057, .T. ) ;
#1486 = DIRECTION ( 'NONE',  ( 0.000000000000000000, -0.000000000000000000, -1.000000000000000000 ) ) ;
#1487 = VECTOR ( 'NONE', #1549, 1000.000000000000000 ) ;
#1488 = AXIS2_PLACEMENT_3D ( 'NONE', #1017, #1267, #1396 ) ;
#1489 = ORIENTED_EDGE ( 'NONE', *, *, #1042, .F. ) ;
#1490 = DIRECTION ( 'NONE',  ( 0.000000000000000000, 0.000000000000000000, -1.000000000000000000 ) ) ;
#1491 = EDGE_CURVE ( 'NONE', #1616, #1583, #1005, .T. ) ;
#1492 = ORIENTED_EDGE ( 'NONE', *, *, #980, .F. ) ;
#1493 = FILL_AREA_STYLE_COLOUR ( '', #920 ) ;
#1494 =( LENGTH_UNIT ( ) NAMED_UNIT ( * ) SI_UNIT ( .MILLI., .METRE. ) );
#1495 = CARTESIAN_POINT ( 'NONE',  ( -0.05128205128205156477, 9.500000000000000000, 3.833333333333333481 ) ) ;
#1496 =( NAMED_UNIT ( * ) PLANE_ANGLE_UNIT ( ) SI_UNIT ( $, .RADIAN. ) );
#1497 = VECTOR ( 'NONE', #992, 1000.000000000000000 ) ;
#1498 = CARTESIAN_POINT ( 'NONE',  ( 0.000000000000000000, 0.000000000000000000, 0.000000000000000000 ) ) ;
#1499 = ORIENTED_EDGE ( 'NONE', *, *, #234, .F. ) ;
#1500 = ORIENTED_EDGE ( 'NONE', *, *, #614, .F. ) ;
#1501 = CARTESIAN_POINT ( 'NONE',  ( -1.999999999999998224, -0.5000000000000000000, 5.123475382979803427 ) ) ;
#1502 = CARTESIAN_POINT ( 'NONE',  ( 2.000000000000000000, -0.5000000000000000000, 5.123475382979801651 ) ) ;
#1503 = SURFACE_STYLE_FILL_AREA ( #352 ) ;
#1504 = PRESENTATION_LAYER_ASSIGNMENT (  '', '', ( #1324 ) ) ;
#1505 = CIRCLE ( 'NONE', #795, 1.000000000000000444 ) ;
#1506 = DIRECTION ( 'NONE',  ( 0.000000000000000000, -0.000000000000000000, -1.000000000000000000 ) ) ;
#1507 =( NAMED_UNIT ( * ) SI_UNIT ( $, .STERADIAN. ) SOLID_ANGLE_UNIT ( ) );
#1508 = ADVANCED_FACE ( 'NONE', ( #1126 ), #1633, .T. ) ;
#1509 = COLOUR_RGB ( '',0.2509803921568627416, 0.2509803921568627416, 0.2509803921568627416 ) ;
#1510 = EDGE_LOOP ( 'NONE', ( #354 ) ) ;
#1511 = EDGE_LOOP ( 'NONE', ( #768 ) ) ;
#1512 =( GEOMETRIC_REPRESENTATION_CONTEXT ( 3 ) GLOBAL_UNCERTAINTY_ASSIGNED_CONTEXT ( ( #1185 ) ) GLOBAL_UNIT_ASSIGNED_CONTEXT ( ( #422, #277, #926 ) ) REPRESENTATION_CONTEXT ( 'NONE', 'WORKASPACE' ) );
#1513 = LINE ( 'NONE', #750, #1183 ) ;
#1514 = DIRECTION ( 'NONE',  ( 1.000000000000000000, 0.000000000000000000, 0.000000000000000000 ) ) ;
#1515 = SURFACE_STYLE_USAGE ( .BOTH. , #1397 ) ;
#1516 = CARTESIAN_POINT ( 'NONE',  ( 0.03846153846153821387, 9.509999999999999787, 3.153846153846153744 ) ) ;
#1517 = FACE_OUTER_BOUND ( 'NONE', #619, .T. ) ;
#1518 = UNCERTAINTY_MEASURE_WITH_UNIT (LENGTH_MEASURE( 1.000000000000000082E-05 ), #1456, 'distance_accuracy_value', 'NONE');
#1519 = DIRECTION ( 'NONE',  ( -0.000000000000000000, 1.000000000000000000, -0.000000000000000000 ) ) ;
#1520 = ORIENTED_EDGE ( 'NONE', *, *, #696, .F. ) ;
#1521 = VECTOR ( 'NONE', #552, 1000.000000000000000 ) ;
#1522 = EDGE_LOOP ( 'NONE', ( #1524 ) ) ;
#1523 = EDGE_CURVE ( 'NONE', #478, #242, #1163, .T. ) ;
#1524 = ORIENTED_EDGE ( 'NONE', *, *, #969, .F. ) ;
#1525 =( NAMED_UNIT ( * ) SI_UNIT ( $, .STERADIAN. ) SOLID_ANGLE_UNIT ( ) );
#1526 = FILL_AREA_STYLE_COLOUR ( '', #386 ) ;
#1527 = DIRECTION ( 'NONE',  ( 0.000000000000000000, -0.000000000000000000, 1.000000000000000000 ) ) ;
#1528 = EDGE_CURVE ( 'NONE', #1405, #616, #1021, .T. ) ;
#1529 = DIRECTION ( 'NONE',  ( 0.8660254037844429265, -0.000000000000000000, -0.4999999999999925615 ) ) ;
#1530 = DIRECTION ( 'NONE',  ( -0.000000000000000000, -0.000000000000000000, 1.000000000000000000 ) ) ;
#1531 = STYLED_ITEM ( 'NONE', ( #1412 ), #821 ) ;
#1532 = EDGE_LOOP ( 'NONE', ( #1273, #577, #395, #394 ) ) ;
#1533 = EDGE_CURVE ( 'NONE', #1035, #250, #1108, .T. ) ;
#1534 = LINE ( 'NONE', #1016, #967 ) ;
#1535 = PLANE ( 'NONE',  #784 ) ;
#1536 = MECHANICAL_DESIGN_GEOMETRIC_PRESENTATION_REPRESENTATION (  '', ( #1325 ), #606 ) ;
#1537 = UNCERTAINTY_MEASURE_WITH_UNIT (LENGTH_MEASURE( 1.000000000000000082E-05 ), #736, 'distance_accuracy_value', 'NONE');
#1538 = VECTOR ( 'NONE', #1204, 1000.000000000000114 ) ;
#1539 = FACE_OUTER_BOUND ( 'NONE', #924, .T. ) ;
#1540 = LINE ( 'NONE', #1167, #1036 ) ;
#1541 = ORIENTED_EDGE ( 'NONE', *, *, #319, .F. ) ;
#1542 = ORIENTED_EDGE ( 'NONE', *, *, #166, .T. ) ;
#1543 = DIRECTION ( 'NONE',  ( -1.000000000000000000, 0.000000000000000000, 0.000000000000000000 ) ) ;
#1544 = CARTESIAN_POINT ( 'NONE',  ( 0.000000000000000000, -0.5000000000000000000, 0.000000000000000000 ) ) ;
#1545 = CYLINDRICAL_SURFACE ( 'NONE', #1018, 0.8000000000000008216 ) ;
#1546 = VECTOR ( 'NONE', #1250, 1000.000000000000000 ) ;
#1547 = CARTESIAN_POINT ( 'NONE',  ( -0.05128205128205156477, 9.500000000000000000, 3.448717948717948900 ) ) ;
#1548 = ORIENTED_EDGE ( 'NONE', *, *, #1004, .T. ) ;
#1549 = DIRECTION ( 'NONE',  ( -1.000000000000000000, 0.000000000000000000, 0.000000000000000000 ) ) ;
#1550 = ADVANCED_FACE ( 'NONE', ( #1560, #390 ), #523, .T. ) ;
#1551 = CARTESIAN_POINT ( 'NONE',  ( -0.05128205128205156477, 9.500000000000000000, 3.153846153846153744 ) ) ;
#1552 = FACE_OUTER_BOUND ( 'NONE', #1169, .T. ) ;
#1553 = AXIS2_PLACEMENT_3D ( 'NONE', #279, #155, #1062 ) ;
#1554 = UNCERTAINTY_MEASURE_WITH_UNIT (LENGTH_MEASURE( 1.000000000000000082E-05 ), #961, 'distance_accuracy_value', 'NONE');
#1555 = CARTESIAN_POINT ( 'NONE',  ( 0.3333333333333330373, 9.500000000000000000, 3.538461538461538325 ) ) ;
#1556 = FILL_AREA_STYLE_COLOUR ( '', #998 ) ;
#1557 = DIRECTION ( 'NONE',  ( 0.000000000000000000, 0.000000000000000000, -1.000000000000000000 ) ) ;
#1558 = PRESENTATION_STYLE_ASSIGNMENT (( #955 ) ) ;
#1559 =( NAMED_UNIT ( * ) SI_UNIT ( $, .STERADIAN. ) SOLID_ANGLE_UNIT ( ) );
#1560 = FACE_OUTER_BOUND ( 'NONE', #866, .T. ) ;
#1561 = CARTESIAN_POINT ( 'NONE',  ( 5.898979485566357539, -0.5000000000000000000, -1.096376317177308435 ) ) ;
#1562 = PLANE ( 'NONE',  #824 ) ;
#1563 = PRESENTATION_LAYER_ASSIGNMENT (  '', '', ( #635 ) ) ;
#1564 = PRESENTATION_LAYER_ASSIGNMENT (  '', '', ( #330 ) ) ;
#1565 = EDGE_CURVE ( 'NONE', #779, #275, #540, .T. ) ;
#1566 = MECHANICAL_DESIGN_GEOMETRIC_PRESENTATION_REPRESENTATION (  '', ( #1346 ), #844 ) ;
#1567 = CARTESIAN_POINT ( 'NONE',  ( -2.000000000000000000, -0.5000000000000000000, 5.656854249492380582 ) ) ;
#1568 = CARTESIAN_POINT ( 'NONE',  ( 0.000000000000000000, -4.000000000000000000, -3.799999999999999822 ) ) ;
#1569 =( LENGTH_UNIT ( ) NAMED_UNIT ( * ) SI_UNIT ( .MILLI., .METRE. ) );
#1570 = SURFACE_SIDE_STYLE ('',( #823 ) ) ;
#1571 = UNCERTAINTY_MEASURE_WITH_UNIT (LENGTH_MEASURE( 1.000000000000000082E-05 ), #345, 'distance_accuracy_value', 'NONE');
#1572 = DIRECTION ( 'NONE',  ( -0.000000000000000000, -1.000000000000000000, -0.000000000000000000 ) ) ;
#1573 = LINE ( 'NONE', #1298, #453 ) ;
#1574 = FILL_AREA_STYLE ('',( #1187 ) ) ;
#1575 = VECTOR ( 'NONE', #280, 1000.000000000000000 ) ;
#1576 = VERTEX_POINT ( 'NONE', #430 ) ;
#1577 = VECTOR ( 'NONE', #617, 1000.000000000000000 ) ;
#1578 = LINE ( 'NONE', #407, #836 ) ;
#1579 = FACE_OUTER_BOUND ( 'NONE', #207, .T. ) ;
#1580 = EDGE_CURVE ( 'NONE', #337, #131, #25, .T. ) ;
#1581 = CIRCLE ( 'NONE', #347, 6.000000000000000888 ) ;
#1582 = SURFACE_STYLE_USAGE ( .BOTH. , #684 ) ;
#1583 = VERTEX_POINT ( 'NONE', #781 ) ;
#1584 =( NAMED_UNIT ( * ) SI_UNIT ( $, .STERADIAN. ) SOLID_ANGLE_UNIT ( ) );
#1585 = CARTESIAN_POINT ( 'NONE',  ( 0.000000000000000000, -4.000000000000000000, -3.799999999999999822 ) ) ;
#1586 = UNCERTAINTY_MEASURE_WITH_UNIT (LENGTH_MEASURE( 1.000000000000000082E-05 ), #174, 'distance_accuracy_value', 'NONE');
#1587 =( GEOMETRIC_REPRESENTATION_CONTEXT ( 3 ) GLOBAL_UNCERTAINTY_ASSIGNED_CONTEXT ( ( #298 ) ) GLOBAL_UNIT_ASSIGNED_CONTEXT ( ( #918, #124, #1642 ) ) REPRESENTATION_CONTEXT ( 'NONE', 'WORKASPACE' ) );
#1588 = CARTESIAN_POINT ( 'NONE',  ( 0.03846153846153821387, 9.500000000000000000, 3.153846153846153744 ) ) ;
#1589 = VERTEX_POINT ( 'NONE', #1551 ) ;
#1590 = SURFACE_STYLE_USAGE ( .BOTH. , #176 ) ;
#1591 =( NAMED_UNIT ( * ) PLANE_ANGLE_UNIT ( ) SI_UNIT ( $, .RADIAN. ) );
#1592 = FILL_AREA_STYLE_COLOUR ( '', #1609 ) ;
#1593 = MECHANICAL_DESIGN_GEOMETRIC_PRESENTATION_REPRESENTATION (  '', ( #667 ), #286 ) ;
#1594 = DIRECTION ( 'NONE',  ( -0.000000000000000000, -1.000000000000000000, -0.000000000000000000 ) ) ;
#1595 = CLOSED_SHELL ( 'NONE', ( #1090, #1550, #471, #253, #343, #50, #562, #916, #783, #399, #506, #436, #1213, #1407, #559, #1118, #292, #56, #1155, #396, #1508, #336, #1154, #464, #994, #1611, #1373, #1205, #567, #1122, #653, #1352, #654, #308, #790, #1275, #821, #480 ) ) ;
#1596 = DIRECTION ( 'NONE',  ( -1.000000000000000000, 0.000000000000000000, 0.000000000000000000 ) ) ;
#1597 = ORIENTED_EDGE ( 'NONE', *, *, #1073, .T. ) ;
#1598 = SURFACE_SIDE_STYLE ('',( #1469 ) ) ;
#1599 = VECTOR ( 'NONE', #788, 1000.000000000000000 ) ;
#1600 = LINE ( 'NONE', #985, #1220 ) ;
#1601 =( NAMED_UNIT ( * ) PLANE_ANGLE_UNIT ( ) SI_UNIT ( $, .RADIAN. ) );
#1602 = CIRCLE ( 'NONE', #161, 0.2999999999999999334 ) ;
#1603 = AXIS2_PLACEMENT_3D ( 'NONE', #485, #462, #1117 ) ;
#1604 =( GEOMETRIC_REPRESENTATION_CONTEXT ( 3 ) GLOBAL_UNCERTAINTY_ASSIGNED_CONTEXT ( ( #1615 ) ) GLOBAL_UNIT_ASSIGNED_CONTEXT ( ( #572, #804, #157 ) ) REPRESENTATION_CONTEXT ( 'NONE', 'WORKASPACE' ) );
#1605 = FILL_AREA_STYLE ('',( #77 ) ) ;
#1606 = ORIENTED_EDGE ( 'NONE', *, *, #1259, .T. ) ;
#1607 = DIRECTION ( 'NONE',  ( 0.000000000000000000, -1.000000000000000000, 0.000000000000000000 ) ) ;
#1608 =( NAMED_UNIT ( * ) PLANE_ANGLE_UNIT ( ) SI_UNIT ( $, .RADIAN. ) );
#1609 = COLOUR_RGB ( '',0.2509803921568627416, 0.2509803921568627416, 0.2509803921568627416 ) ;
#1610 = CARTESIAN_POINT ( 'NONE',  ( 0.3333333333333330373, 9.509999999999999787, 3.448717948717948900 ) ) ;
#1611 = ADVANCED_FACE ( 'NONE', ( #1309 ), #1279, .T. ) ;
#1612 = ORIENTED_EDGE ( 'NONE', *, *, #1621, .T. ) ;
#1613 = PRESENTATION_LAYER_ASSIGNMENT (  '', '', ( #281 ) ) ;
#1614 = DIRECTION ( 'NONE',  ( 0.000000000000000000, 1.000000000000000000, -0.000000000000000000 ) ) ;
#1615 = UNCERTAINTY_MEASURE_WITH_UNIT (LENGTH_MEASURE( 1.000000000000000082E-05 ), #572, 'distance_accuracy_value', 'NONE');
#1616 = VERTEX_POINT ( 'NONE', #134 ) ;
#1617 = VECTOR ( 'NONE', #1217, 1000.000000000000000 ) ;
#1618 = CARTESIAN_POINT ( 'NONE',  ( 5.437059837324713207, -0.5000000000000000000, -0.8296868839210217450 ) ) ;
#1619 = FILL_AREA_STYLE ('',( #105 ) ) ;
#1620 =( NAMED_UNIT ( * ) SI_UNIT ( $, .STERADIAN. ) SOLID_ANGLE_UNIT ( ) );
#1621 = EDGE_CURVE ( 'NONE', #956, #956, #1446, .T. ) ;
#1622 = PRESENTATION_STYLE_ASSIGNMENT (( #477 ) ) ;
#1623 = ORIENTED_EDGE ( 'NONE', *, *, #166, .F. ) ;
#1624 = ORIENTED_EDGE ( 'NONE', *, *, #763, .F. ) ;
#1625 =( NAMED_UNIT ( * ) SI_UNIT ( $, .STERADIAN. ) SOLID_ANGLE_UNIT ( ) );
#1626 = FACE_OUTER_BOUND ( 'NONE', #1008, .T. ) ;
#1627 =( NAMED_UNIT ( * ) PLANE_ANGLE_UNIT ( ) SI_UNIT ( $, .RADIAN. ) );
#1628 =( NAMED_UNIT ( * ) PLANE_ANGLE_UNIT ( ) SI_UNIT ( $, .RADIAN. ) );
#1629 =( GEOMETRIC_REPRESENTATION_CONTEXT ( 3 ) GLOBAL_UNCERTAINTY_ASSIGNED_CONTEXT ( ( #1083 ) ) GLOBAL_UNIT_ASSIGNED_CONTEXT ( ( #1129, #1254, #338 ) ) REPRESENTATION_CONTEXT ( 'NONE', 'WORKASPACE' ) );
#1630 = ORIENTED_EDGE ( 'NONE', *, *, #1491, .F. ) ;
#1631 = EDGE_LOOP ( 'NONE', ( #379, #656, #1638, #511 ) ) ;
#1632 = FILL_AREA_STYLE ('',( #1493 ) ) ;
#1633 = PLANE ( 'NONE',  #1258 ) ;
#1634 = FILL_AREA_STYLE_COLOUR ( '', #1249 ) ;
#1635 = PRESENTATION_LAYER_ASSIGNMENT (  '', '', ( #1300 ) ) ;
#1636 = LINE ( 'NONE', #1157, #531 ) ;
#1637 = ORIENTED_EDGE ( 'NONE', *, *, #951, .F. ) ;
#1638 = ORIENTED_EDGE ( 'NONE', *, *, #763, .T. ) ;
#1639 =( GEOMETRIC_REPRESENTATION_CONTEXT ( 3 ) GLOBAL_UNCERTAINTY_ASSIGNED_CONTEXT ( ( #1282 ) ) GLOBAL_UNIT_ASSIGNED_CONTEXT ( ( #1453, #508, #1145 ) ) REPRESENTATION_CONTEXT ( 'NONE', 'WORKASPACE' ) );
#1640 = CARTESIAN_POINT ( 'NONE',  ( 2.000000000000000000, 0.000000000000000000, 5.123475382979801651 ) ) ;
#1641 = FACE_OUTER_BOUND ( 'NONE', #898, .T. ) ;
#1642 =( NAMED_UNIT ( * ) SI_UNIT ( $, .STERADIAN. ) SOLID_ANGLE_UNIT ( ) );
#1643 = MECHANICAL_DESIGN_GEOMETRIC_PRESENTATION_REPRESENTATION (  '', ( #1479 ), #416 ) ;
#1644 = CARTESIAN_POINT ( 'NONE',  ( -2.000000000000000000, 0.000000000000000000, 5.656854249492380582 ) ) ;
#1645 = CARTESIAN_POINT ( 'NONE',  ( 0.000000000000000000, 9.500000000000000000, 0.000000000000000000 ) ) ;
#1646 =( NAMED_UNIT ( * ) PLANE_ANGLE_UNIT ( ) SI_UNIT ( $, .RADIAN. ) );
#1647 = CARTESIAN_POINT ( 'NONE',  ( 0.000000000000000000, 0.000000000000000000, -3.799999999999999822 ) ) ;
#1648 = ORIENTED_EDGE ( 'NONE', *, *, #1075, .T. ) ;
#1649 = ORIENTED_EDGE ( 'NONE', *, *, #650, .F. ) ;
#1650 = EDGE_LOOP ( 'NONE', ( #1499, #1337, #1131, #137 ) ) ;
#1651 = SURFACE_STYLE_FILL_AREA ( #1290 ) ;
#1652 = EDGE_CURVE ( 'NONE', #570, #368, #1287, .T. ) ;
#1653 =( LENGTH_UNIT ( ) NAMED_UNIT ( * ) SI_UNIT ( .MILLI., .METRE. ) );
#1654 = PRESENTATION_STYLE_ASSIGNMENT (( #372 ) ) ;
#1655 = CARTESIAN_POINT ( 'NONE',  ( 0.000000000000000000, 9.509999999999999787, 3.500000000000000000 ) ) ;
#1656 =( GEOMETRIC_REPRESENTATION_CONTEXT ( 3 ) GLOBAL_UNCERTAINTY_ASSIGNED_CONTEXT ( ( #1518 ) ) GLOBAL_UNIT_ASSIGNED_CONTEXT ( ( #1456, #1591, #1211 ) ) REPRESENTATION_CONTEXT ( 'NONE', 'WORKASPACE' ) );
#1657 =( LENGTH_UNIT ( ) NAMED_UNIT ( * ) SI_UNIT ( .MILLI., .METRE. ) );
#1658 = EDGE_CURVE ( 'NONE', #1093, #1034, #1234, .T. ) ;
#1659 = EDGE_LOOP ( 'NONE', ( #1264 ) ) ;
ENDSEC;
END-ISO-10303-21;
