{"cameraMode":{"drawMode":0,"name":"Shaded","section":"Shading Mode"},"sceneLighting":true,"audioPlay":false,"sceneViewState":{"m_AlwaysRefresh":false,"showFog":true,"showSkybox":true,"showFlares":true,"showImageEffects":true,"showParticleSystems":true,"showVisualEffectGraphs":true,"m_FxEnabled":true},"in2DMode":false,"pivot":{"x":-0.5714249014854431,"y":1.1563388109207154,"z":-4.1009321212768559},"rotation":{"x":-0.11970414221286774,"y":0.49460676312446597,"z":-0.06900091469287873,"w":-0.8580746054649353},"size":2.7728281021118166,"orthographic":false}